[
    {
        "x": 128,
        "y": 119,
        "left": 0.0,
        "top": 12.554564,
        "right": 1.40625,
        "bottom": 11.178402,
        "countries": [
            "benin",
            "burkina_faso"
        ]
    },
    {
        "x": 129,
        "y": 119,
        "left": 1.40625,
        "top": 12.554564,
        "right": 2.8125,
        "bottom": 11.178402,
        "countries": [
            "benin",
            "burkina_faso",
            "niger"
        ]
    },
    {
        "x": 130,
        "y": 119,
        "left": 2.8125,
        "top": 12.554564,
        "right": 4.21875,
        "bottom": 11.178402,
        "countries": [
            "benin",
            "nigeria",
            "niger"
        ]
    },
    {
        "x": 128,
        "y": 120,
        "left": 0.0,
        "top": 11.178402,
        "right": 1.40625,
        "bottom": 9.795678,
        "countries": [
            "benin",
            "togo",
            "burkina_faso",
            "ghana"
        ]
    },
    {
        "x": 129,
        "y": 120,
        "left": 1.40625,
        "top": 11.178402,
        "right": 2.8125,
        "bottom": 9.795678,
        "countries": [
            "benin"
        ]
    },
    {
        "x": 130,
        "y": 120,
        "left": 2.8125,
        "top": 11.178402,
        "right": 4.21875,
        "bottom": 9.795678,
        "countries": [
            "benin",
            "nigeria"
        ]
    },
    {
        "x": 128,
        "y": 121,
        "left": 0.0,
        "top": 9.795678,
        "right": 1.40625,
        "bottom": 8.407168,
        "countries": [
            "benin",
            "togo",
            "ghana"
        ]
    },
    {
        "x": 129,
        "y": 121,
        "left": 1.40625,
        "top": 9.795678,
        "right": 2.8125,
        "bottom": 8.407168,
        "countries": [
            "benin",
            "togo",
            "nigeria"
        ]
    },
    {
        "x": 130,
        "y": 121,
        "left": 2.8125,
        "top": 9.795678,
        "right": 4.21875,
        "bottom": 8.407168,
        "countries": [
            "benin",
            "nigeria"
        ]
    },
    {
        "x": 129,
        "y": 122,
        "left": 1.40625,
        "top": 8.407168,
        "right": 2.8125,
        "bottom": 7.013668,
        "countries": [
            "benin",
            "togo",
            "nigeria"
        ]
    },
    {
        "x": 129,
        "y": 123,
        "left": 1.40625,
        "top": 7.013668,
        "right": 2.8125,
        "bottom": 5.615986,
        "countries": [
            "benin",
            "togo",
            "nigeria"
        ]
    }
]