[
    {
        "x": 148,
        "y": 129,
        "left": 28.125,
        "top": -1.406109,
        "right": 29.53125,
        "bottom": -2.811371,
        "countries": [
            "rwanda",
            "democratic_republic_of_the_congo",
            "burundi"
        ]
    },
    {
        "x": 149,
        "y": 129,
        "left": 29.53125,
        "top": -1.406109,
        "right": 30.9375,
        "bottom": -2.811371,
        "countries": [
            "burundi",
            "democratic_republic_of_the_congo",
            "tanzania",
            "rwanda",
            "uganda"
        ]
    },
    {
        "x": 148,
        "y": 130,
        "left": 28.125,
        "top": -2.811371,
        "right": 29.53125,
        "bottom": -4.214943,
        "countries": [
            "rwanda",
            "democratic_republic_of_the_congo",
            "burundi"
        ]
    },
    {
        "x": 149,
        "y": 130,
        "left": 29.53125,
        "top": -2.811371,
        "right": 30.9375,
        "bottom": -4.214943,
        "countries": [
            "rwanda",
            "tanzania",
            "burundi"
        ]
    },
    {
        "x": 148,
        "y": 131,
        "left": 28.125,
        "top": -4.214943,
        "right": 29.53125,
        "bottom": -5.615986,
        "countries": [
            "tanzania",
            "democratic_republic_of_the_congo",
            "burundi"
        ]
    },
    {
        "x": 149,
        "y": 131,
        "left": 29.53125,
        "top": -4.214943,
        "right": 30.9375,
        "bottom": -5.615986,
        "countries": [
            "tanzania",
            "democratic_republic_of_the_congo",
            "burundi"
        ]
    }
]