[
    {
        "x": 158,
        "y": 118,
        "left": 42.1875,
        "top": 13.923404,
        "right": 43.59375,
        "bottom": 12.554564,
        "countries": [
            "yemen",
            "ethiopia",
            "djibouti",
            "eritrea"
        ]
    },
    {
        "x": 158,
        "y": 119,
        "left": 42.1875,
        "top": 12.554564,
        "right": 43.59375,
        "bottom": 11.178402,
        "countries": [
            "somalia",
            "ethiopia",
            "djibouti",
            "eritrea"
        ]
    },
    {
        "x": 155,
        "y": 114,
        "left": 37.96875,
        "top": 19.311143,
        "right": 39.375,
        "bottom": 17.978733,
        "countries": [
            "sudan",
            "eritrea"
        ]
    },
    {
        "x": 154,
        "y": 115,
        "left": 36.5625,
        "top": 17.978733,
        "right": 37.96875,
        "bottom": 16.636192,
        "countries": [
            "sudan",
            "eritrea"
        ]
    },
    {
        "x": 155,
        "y": 115,
        "left": 37.96875,
        "top": 17.978733,
        "right": 39.375,
        "bottom": 16.636192,
        "countries": [
            "sudan",
            "eritrea"
        ]
    },
    {
        "x": 153,
        "y": 116,
        "left": 35.15625,
        "top": 16.636192,
        "right": 36.5625,
        "bottom": 15.284185,
        "countries": [
            "sudan",
            "eritrea"
        ]
    },
    {
        "x": 154,
        "y": 116,
        "left": 36.5625,
        "top": 16.636192,
        "right": 37.96875,
        "bottom": 15.284185,
        "countries": [
            "sudan",
            "eritrea"
        ]
    },
    {
        "x": 155,
        "y": 116,
        "left": 37.96875,
        "top": 16.636192,
        "right": 39.375,
        "bottom": 15.284185,
        "countries": [
            "eritrea"
        ]
    },
    {
        "x": 156,
        "y": 116,
        "left": 39.375,
        "top": 16.636192,
        "right": 40.78125,
        "bottom": 15.284185,
        "countries": [
            "eritrea"
        ]
    },
    {
        "x": 157,
        "y": 116,
        "left": 40.78125,
        "top": 16.636192,
        "right": 42.1875,
        "bottom": 15.284185,
        "countries": [
            "saudi_arabia",
            "yemen",
            "eritrea"
        ]
    },
    {
        "x": 153,
        "y": 117,
        "left": 35.15625,
        "top": 15.284185,
        "right": 36.5625,
        "bottom": 13.923404,
        "countries": [
            "sudan",
            "ethiopia",
            "eritrea"
        ]
    },
    {
        "x": 154,
        "y": 117,
        "left": 36.5625,
        "top": 15.284185,
        "right": 37.96875,
        "bottom": 13.923404,
        "countries": [
            "ethiopia",
            "eritrea"
        ]
    },
    {
        "x": 155,
        "y": 117,
        "left": 37.96875,
        "top": 15.284185,
        "right": 39.375,
        "bottom": 13.923404,
        "countries": [
            "ethiopia",
            "eritrea"
        ]
    },
    {
        "x": 156,
        "y": 117,
        "left": 39.375,
        "top": 15.284185,
        "right": 40.78125,
        "bottom": 13.923404,
        "countries": [
            "ethiopia",
            "eritrea"
        ]
    },
    {
        "x": 157,
        "y": 117,
        "left": 40.78125,
        "top": 15.284185,
        "right": 42.1875,
        "bottom": 13.923404,
        "countries": [
            "yemen",
            "ethiopia",
            "eritrea"
        ]
    },
    {
        "x": 157,
        "y": 118,
        "left": 40.78125,
        "top": 13.923404,
        "right": 42.1875,
        "bottom": 12.554564,
        "countries": [
            "ethiopia",
            "eritrea"
        ]
    }
]