[
    {
        "x": 117,
        "y": 118,
        "left": -15.46875,
        "top": 13.923404,
        "right": -14.0625,
        "bottom": 12.554564,
        "countries": [
            "gambia",
            "senegal",
            "guinea-bissau"
        ]
    },
    {
        "x": 118,
        "y": 118,
        "left": -14.0625,
        "top": 13.923404,
        "right": -12.65625,
        "bottom": 12.554564,
        "countries": [
            "gambia",
            "guinea-bissau",
            "senegal",
            "guinea"
        ]
    },
    {
        "x": 117,
        "y": 119,
        "left": -15.46875,
        "top": 12.554564,
        "right": -14.0625,
        "bottom": 11.178402,
        "countries": [
            "guinea-bissau",
            "senegal",
            "guinea"
        ]
    },
    {
        "x": 118,
        "y": 119,
        "left": -14.0625,
        "top": 12.554564,
        "right": -12.65625,
        "bottom": 11.178402,
        "countries": [
            "guinea-bissau",
            "senegal",
            "guinea"
        ]
    },
    {
        "x": 117,
        "y": 120,
        "left": -15.46875,
        "top": 11.178402,
        "right": -14.0625,
        "bottom": 9.795678,
        "countries": [
            "guinea-bissau",
            "guinea"
        ]
    },
    {
        "x": 116,
        "y": 119,
        "left": -16.875,
        "top": 12.554564,
        "right": -15.46875,
        "bottom": 11.178402,
        "countries": [
            "senegal",
            "guinea-bissau"
        ]
    },
    {
        "x": 116,
        "y": 120,
        "left": -16.875,
        "top": 11.178402,
        "right": -15.46875,
        "bottom": 9.795678,
        "countries": [
            "guinea-bissau"
        ]
    }
]