[
    {
        "x": 117,
        "y": 133,
        "left": -15.46875,
        "top": -7.013668,
        "right": -14.0625,
        "bottom": -8.407168,
        "countries": [
            "saint_helena"
        ]
    },
    {
        "x": 123,
        "y": 139,
        "left": -7.03125,
        "top": -15.284185,
        "right": -5.625,
        "bottom": -16.636192,
        "countries": [
            "saint_helena"
        ]
    },
    {
        "x": 118,
        "y": 156,
        "left": -14.0625,
        "top": -36.597889,
        "right": -12.65625,
        "bottom": -37.71859,
        "countries": [
            "saint_helena"
        ]
    },
    {
        "x": 119,
        "y": 156,
        "left": -12.65625,
        "top": -36.597889,
        "right": -11.25,
        "bottom": -37.71859,
        "countries": [
            "saint_helena"
        ]
    },
    {
        "x": 120,
        "y": 159,
        "left": -11.25,
        "top": -39.909736,
        "right": -9.84375,
        "bottom": -40.979898,
        "countries": [
            "saint_helena"
        ]
    }
]