[
    {
        "x": 116,
        "y": 118,
        "left": -16.875,
        "top": 13.923404,
        "right": -15.46875,
        "bottom": 12.554564,
        "countries": [
            "gambia",
            "senegal"
        ]
    },
    {
        "x": 117,
        "y": 118,
        "left": -15.46875,
        "top": 13.923404,
        "right": -14.0625,
        "bottom": 12.554564,
        "countries": [
            "gambia",
            "senegal",
            "guinea-bissau"
        ]
    },
    {
        "x": 118,
        "y": 118,
        "left": -14.0625,
        "top": 13.923404,
        "right": -12.65625,
        "bottom": 12.554564,
        "countries": [
            "gambia",
            "guinea-bissau",
            "senegal",
            "guinea"
        ]
    },
    {
        "x": 117,
        "y": 119,
        "left": -15.46875,
        "top": 12.554564,
        "right": -14.0625,
        "bottom": 11.178402,
        "countries": [
            "guinea-bissau",
            "senegal",
            "guinea"
        ]
    },
    {
        "x": 118,
        "y": 119,
        "left": -14.0625,
        "top": 12.554564,
        "right": -12.65625,
        "bottom": 11.178402,
        "countries": [
            "guinea-bissau",
            "senegal",
            "guinea"
        ]
    },
    {
        "x": 119,
        "y": 119,
        "left": -12.65625,
        "top": 12.554564,
        "right": -11.25,
        "bottom": 11.178402,
        "countries": [
            "senegal",
            "mali",
            "guinea"
        ]
    },
    {
        "x": 116,
        "y": 119,
        "left": -16.875,
        "top": 12.554564,
        "right": -15.46875,
        "bottom": 11.178402,
        "countries": [
            "senegal",
            "guinea-bissau"
        ]
    },
    {
        "x": 119,
        "y": 117,
        "left": -12.65625,
        "top": 15.284185,
        "right": -11.25,
        "bottom": 13.923404,
        "countries": [
            "senegal",
            "mali",
            "mauritania"
        ]
    },
    {
        "x": 119,
        "y": 118,
        "left": -12.65625,
        "top": 13.923404,
        "right": -11.25,
        "bottom": 12.554564,
        "countries": [
            "senegal",
            "mali"
        ]
    },
    {
        "x": 117,
        "y": 115,
        "left": -15.46875,
        "top": 17.978733,
        "right": -14.0625,
        "bottom": 16.636192,
        "countries": [
            "senegal",
            "mauritania"
        ]
    },
    {
        "x": 116,
        "y": 116,
        "left": -16.875,
        "top": 16.636192,
        "right": -15.46875,
        "bottom": 15.284185,
        "countries": [
            "senegal",
            "mauritania"
        ]
    },
    {
        "x": 117,
        "y": 116,
        "left": -15.46875,
        "top": 16.636192,
        "right": -14.0625,
        "bottom": 15.284185,
        "countries": [
            "senegal",
            "mauritania"
        ]
    },
    {
        "x": 118,
        "y": 116,
        "left": -14.0625,
        "top": 16.636192,
        "right": -12.65625,
        "bottom": 15.284185,
        "countries": [
            "senegal",
            "mauritania"
        ]
    },
    {
        "x": 118,
        "y": 117,
        "left": -14.0625,
        "top": 15.284185,
        "right": -12.65625,
        "bottom": 13.923404,
        "countries": [
            "senegal",
            "mauritania"
        ]
    },
    {
        "x": 115,
        "y": 117,
        "left": -18.28125,
        "top": 15.284185,
        "right": -16.875,
        "bottom": 13.923404,
        "countries": [
            "senegal"
        ]
    },
    {
        "x": 116,
        "y": 117,
        "left": -16.875,
        "top": 15.284185,
        "right": -15.46875,
        "bottom": 13.923404,
        "countries": [
            "senegal"
        ]
    },
    {
        "x": 117,
        "y": 117,
        "left": -15.46875,
        "top": 15.284185,
        "right": -14.0625,
        "bottom": 13.923404,
        "countries": [
            "senegal"
        ]
    }
]