[
    {
        "x": 167,
        "y": 130,
        "left": 54.84375,
        "top": -2.811371,
        "right": 56.25,
        "bottom": -4.214943,
        "countries": [
            "seychelles"
        ]
    },
    {
        "x": 165,
        "y": 131,
        "left": 52.03125,
        "top": -4.214943,
        "right": 53.4375,
        "bottom": -5.615986,
        "countries": [
            "seychelles"
        ]
    },
    {
        "x": 167,
        "y": 131,
        "left": 54.84375,
        "top": -4.214943,
        "right": 56.25,
        "bottom": -5.615986,
        "countries": [
            "seychelles"
        ]
    },
    {
        "x": 165,
        "y": 132,
        "left": 52.03125,
        "top": -5.615986,
        "right": 53.4375,
        "bottom": -7.013668,
        "countries": [
            "seychelles"
        ]
    },
    {
        "x": 166,
        "y": 132,
        "left": 53.4375,
        "top": -5.615986,
        "right": 54.84375,
        "bottom": -7.013668,
        "countries": [
            "seychelles"
        ]
    },
    {
        "x": 167,
        "y": 132,
        "left": 54.84375,
        "top": -5.615986,
        "right": 56.25,
        "bottom": -7.013668,
        "countries": [
            "seychelles"
        ]
    },
    {
        "x": 165,
        "y": 133,
        "left": 52.03125,
        "top": -7.013668,
        "right": 53.4375,
        "bottom": -8.407168,
        "countries": [
            "seychelles"
        ]
    },
    {
        "x": 167,
        "y": 133,
        "left": 54.84375,
        "top": -7.013668,
        "right": 56.25,
        "bottom": -8.407168,
        "countries": [
            "seychelles"
        ]
    },
    {
        "x": 168,
        "y": 133,
        "left": 56.25,
        "top": -7.013668,
        "right": 57.65625,
        "bottom": -8.407168,
        "countries": [
            "seychelles"
        ]
    },
    {
        "x": 160,
        "y": 134,
        "left": 45.0,
        "top": -8.407168,
        "right": 46.40625,
        "bottom": -9.795678,
        "countries": [
            "seychelles"
        ]
    },
    {
        "x": 161,
        "y": 134,
        "left": 46.40625,
        "top": -8.407168,
        "right": 47.8125,
        "bottom": -9.795678,
        "countries": [
            "seychelles"
        ]
    },
    {
        "x": 164,
        "y": 134,
        "left": 50.625,
        "top": -8.407168,
        "right": 52.03125,
        "bottom": -9.795678,
        "countries": [
            "seychelles"
        ]
    },
    {
        "x": 161,
        "y": 135,
        "left": 46.40625,
        "top": -9.795678,
        "right": 47.8125,
        "bottom": -11.178402,
        "countries": [
            "seychelles"
        ]
    },
    {
        "x": 164,
        "y": 135,
        "left": 50.625,
        "top": -9.795678,
        "right": 52.03125,
        "bottom": -11.178402,
        "countries": [
            "seychelles"
        ]
    }
]