[
    {
        "x": 119,
        "y": 120,
        "left": -12.65625,
        "top": 11.178402,
        "right": -11.25,
        "bottom": 9.795678,
        "countries": [
            "sierra_leone",
            "guinea"
        ]
    },
    {
        "x": 120,
        "y": 120,
        "left": -11.25,
        "top": 11.178402,
        "right": -9.84375,
        "bottom": 9.795678,
        "countries": [
            "sierra_leone",
            "guinea"
        ]
    },
    {
        "x": 118,
        "y": 121,
        "left": -14.0625,
        "top": 9.795678,
        "right": -12.65625,
        "bottom": 8.407168,
        "countries": [
            "sierra_leone",
            "guinea"
        ]
    },
    {
        "x": 119,
        "y": 121,
        "left": -12.65625,
        "top": 9.795678,
        "right": -11.25,
        "bottom": 8.407168,
        "countries": [
            "sierra_leone",
            "guinea"
        ]
    },
    {
        "x": 120,
        "y": 121,
        "left": -11.25,
        "top": 9.795678,
        "right": -9.84375,
        "bottom": 8.407168,
        "countries": [
            "sierra_leone",
            "liberia",
            "guinea"
        ]
    },
    {
        "x": 120,
        "y": 122,
        "left": -11.25,
        "top": 8.407168,
        "right": -9.84375,
        "bottom": 7.013668,
        "countries": [
            "sierra_leone",
            "liberia",
            "guinea"
        ]
    },
    {
        "x": 119,
        "y": 122,
        "left": -12.65625,
        "top": 8.407168,
        "right": -11.25,
        "bottom": 7.013668,
        "countries": [
            "sierra_leone",
            "liberia"
        ]
    },
    {
        "x": 119,
        "y": 123,
        "left": -12.65625,
        "top": 7.013668,
        "right": -11.25,
        "bottom": 5.615986,
        "countries": [
            "sierra_leone",
            "liberia"
        ]
    },
    {
        "x": 118,
        "y": 122,
        "left": -14.0625,
        "top": 8.407168,
        "right": -12.65625,
        "bottom": 7.013668,
        "countries": [
            "sierra_leone"
        ]
    }
]