[
    {
        "x": 147,
        "y": 144,
        "left": 26.71875,
        "top": -21.943046,
        "right": 28.125,
        "bottom": -23.241346,
        "countries": [
            "botswana",
            "south_africa"
        ]
    },
    {
        "x": 148,
        "y": 144,
        "left": 28.125,
        "top": -21.943046,
        "right": 29.53125,
        "bottom": -23.241346,
        "countries": [
            "botswana",
            "south_africa",
            "zimbabwe"
        ]
    },
    {
        "x": 146,
        "y": 145,
        "left": 25.3125,
        "top": -23.241346,
        "right": 26.71875,
        "bottom": -24.527135,
        "countries": [
            "botswana",
            "south_africa"
        ]
    },
    {
        "x": 147,
        "y": 145,
        "left": 26.71875,
        "top": -23.241346,
        "right": 28.125,
        "bottom": -24.527135,
        "countries": [
            "botswana",
            "south_africa"
        ]
    },
    {
        "x": 142,
        "y": 146,
        "left": 19.6875,
        "top": -24.527135,
        "right": 21.09375,
        "bottom": -25.799891,
        "countries": [
            "botswana",
            "south_africa",
            "namibia"
        ]
    },
    {
        "x": 144,
        "y": 146,
        "left": 22.5,
        "top": -24.527135,
        "right": 23.90625,
        "bottom": -25.799891,
        "countries": [
            "botswana",
            "south_africa"
        ]
    },
    {
        "x": 145,
        "y": 146,
        "left": 23.90625,
        "top": -24.527135,
        "right": 25.3125,
        "bottom": -25.799891,
        "countries": [
            "botswana",
            "south_africa"
        ]
    },
    {
        "x": 146,
        "y": 146,
        "left": 25.3125,
        "top": -24.527135,
        "right": 26.71875,
        "bottom": -25.799891,
        "countries": [
            "botswana",
            "south_africa"
        ]
    },
    {
        "x": 142,
        "y": 147,
        "left": 19.6875,
        "top": -25.799891,
        "right": 21.09375,
        "bottom": -27.059126,
        "countries": [
            "botswana",
            "south_africa",
            "namibia"
        ]
    },
    {
        "x": 143,
        "y": 147,
        "left": 21.09375,
        "top": -25.799891,
        "right": 22.5,
        "bottom": -27.059126,
        "countries": [
            "botswana",
            "south_africa"
        ]
    },
    {
        "x": 144,
        "y": 147,
        "left": 22.5,
        "top": -25.799891,
        "right": 23.90625,
        "bottom": -27.059126,
        "countries": [
            "botswana",
            "south_africa"
        ]
    },
    {
        "x": 145,
        "y": 147,
        "left": 23.90625,
        "top": -25.799891,
        "right": 25.3125,
        "bottom": -27.059126,
        "countries": [
            "botswana",
            "south_africa"
        ]
    },
    {
        "x": 147,
        "y": 149,
        "left": 26.71875,
        "top": -28.304381,
        "right": 28.125,
        "bottom": -29.53523,
        "countries": [
            "lesotho",
            "south_africa"
        ]
    },
    {
        "x": 148,
        "y": 149,
        "left": 28.125,
        "top": -28.304381,
        "right": 29.53125,
        "bottom": -29.53523,
        "countries": [
            "lesotho",
            "south_africa"
        ]
    },
    {
        "x": 147,
        "y": 150,
        "left": 26.71875,
        "top": -29.53523,
        "right": 28.125,
        "bottom": -30.751278,
        "countries": [
            "lesotho",
            "south_africa"
        ]
    },
    {
        "x": 148,
        "y": 150,
        "left": 28.125,
        "top": -29.53523,
        "right": 29.53125,
        "bottom": -30.751278,
        "countries": [
            "lesotho",
            "south_africa"
        ]
    },
    {
        "x": 150,
        "y": 144,
        "left": 30.9375,
        "top": -21.943046,
        "right": 32.34375,
        "bottom": -23.241346,
        "countries": [
            "mozambique",
            "south_africa",
            "zimbabwe"
        ]
    },
    {
        "x": 150,
        "y": 145,
        "left": 30.9375,
        "top": -23.241346,
        "right": 32.34375,
        "bottom": -24.527135,
        "countries": [
            "mozambique",
            "south_africa"
        ]
    },
    {
        "x": 150,
        "y": 146,
        "left": 30.9375,
        "top": -24.527135,
        "right": 32.34375,
        "bottom": -25.799891,
        "countries": [
            "mozambique",
            "south_africa",
            "swaziland"
        ]
    },
    {
        "x": 150,
        "y": 147,
        "left": 30.9375,
        "top": -25.799891,
        "right": 32.34375,
        "bottom": -27.059126,
        "countries": [
            "mozambique",
            "south_africa",
            "swaziland"
        ]
    },
    {
        "x": 151,
        "y": 147,
        "left": 32.34375,
        "top": -25.799891,
        "right": 33.75,
        "bottom": -27.059126,
        "countries": [
            "mozambique",
            "south_africa"
        ]
    },
    {
        "x": 139,
        "y": 148,
        "left": 15.46875,
        "top": -27.059126,
        "right": 16.875,
        "bottom": -28.304381,
        "countries": [
            "south_africa",
            "namibia"
        ]
    },
    {
        "x": 140,
        "y": 148,
        "left": 16.875,
        "top": -27.059126,
        "right": 18.28125,
        "bottom": -28.304381,
        "countries": [
            "south_africa",
            "namibia"
        ]
    },
    {
        "x": 142,
        "y": 148,
        "left": 19.6875,
        "top": -27.059126,
        "right": 21.09375,
        "bottom": -28.304381,
        "countries": [
            "south_africa",
            "namibia"
        ]
    },
    {
        "x": 139,
        "y": 149,
        "left": 15.46875,
        "top": -28.304381,
        "right": 16.875,
        "bottom": -29.53523,
        "countries": [
            "south_africa",
            "namibia"
        ]
    },
    {
        "x": 140,
        "y": 149,
        "left": 16.875,
        "top": -28.304381,
        "right": 18.28125,
        "bottom": -29.53523,
        "countries": [
            "south_africa",
            "namibia"
        ]
    },
    {
        "x": 141,
        "y": 149,
        "left": 18.28125,
        "top": -28.304381,
        "right": 19.6875,
        "bottom": -29.53523,
        "countries": [
            "south_africa",
            "namibia"
        ]
    },
    {
        "x": 142,
        "y": 149,
        "left": 19.6875,
        "top": -28.304381,
        "right": 21.09375,
        "bottom": -29.53523,
        "countries": [
            "south_africa",
            "namibia"
        ]
    },
    {
        "x": 149,
        "y": 144,
        "left": 29.53125,
        "top": -21.943046,
        "right": 30.9375,
        "bottom": -23.241346,
        "countries": [
            "south_africa",
            "zimbabwe"
        ]
    },
    {
        "x": 148,
        "y": 145,
        "left": 28.125,
        "top": -23.241346,
        "right": 29.53125,
        "bottom": -24.527135,
        "countries": [
            "south_africa"
        ]
    },
    {
        "x": 149,
        "y": 145,
        "left": 29.53125,
        "top": -23.241346,
        "right": 30.9375,
        "bottom": -24.527135,
        "countries": [
            "south_africa"
        ]
    },
    {
        "x": 147,
        "y": 146,
        "left": 26.71875,
        "top": -24.527135,
        "right": 28.125,
        "bottom": -25.799891,
        "countries": [
            "south_africa"
        ]
    },
    {
        "x": 148,
        "y": 146,
        "left": 28.125,
        "top": -24.527135,
        "right": 29.53125,
        "bottom": -25.799891,
        "countries": [
            "south_africa"
        ]
    },
    {
        "x": 149,
        "y": 146,
        "left": 29.53125,
        "top": -24.527135,
        "right": 30.9375,
        "bottom": -25.799891,
        "countries": [
            "south_africa"
        ]
    },
    {
        "x": 146,
        "y": 147,
        "left": 25.3125,
        "top": -25.799891,
        "right": 26.71875,
        "bottom": -27.059126,
        "countries": [
            "south_africa"
        ]
    },
    {
        "x": 147,
        "y": 147,
        "left": 26.71875,
        "top": -25.799891,
        "right": 28.125,
        "bottom": -27.059126,
        "countries": [
            "south_africa"
        ]
    },
    {
        "x": 148,
        "y": 147,
        "left": 28.125,
        "top": -25.799891,
        "right": 29.53125,
        "bottom": -27.059126,
        "countries": [
            "south_africa"
        ]
    },
    {
        "x": 149,
        "y": 147,
        "left": 29.53125,
        "top": -25.799891,
        "right": 30.9375,
        "bottom": -27.059126,
        "countries": [
            "south_africa",
            "swaziland"
        ]
    },
    {
        "x": 143,
        "y": 148,
        "left": 21.09375,
        "top": -27.059126,
        "right": 22.5,
        "bottom": -28.304381,
        "countries": [
            "south_africa"
        ]
    },
    {
        "x": 144,
        "y": 148,
        "left": 22.5,
        "top": -27.059126,
        "right": 23.90625,
        "bottom": -28.304381,
        "countries": [
            "south_africa"
        ]
    },
    {
        "x": 145,
        "y": 148,
        "left": 23.90625,
        "top": -27.059126,
        "right": 25.3125,
        "bottom": -28.304381,
        "countries": [
            "south_africa"
        ]
    },
    {
        "x": 146,
        "y": 148,
        "left": 25.3125,
        "top": -27.059126,
        "right": 26.71875,
        "bottom": -28.304381,
        "countries": [
            "south_africa"
        ]
    },
    {
        "x": 147,
        "y": 148,
        "left": 26.71875,
        "top": -27.059126,
        "right": 28.125,
        "bottom": -28.304381,
        "countries": [
            "south_africa"
        ]
    },
    {
        "x": 148,
        "y": 148,
        "left": 28.125,
        "top": -27.059126,
        "right": 29.53125,
        "bottom": -28.304381,
        "countries": [
            "south_africa"
        ]
    },
    {
        "x": 149,
        "y": 148,
        "left": 29.53125,
        "top": -27.059126,
        "right": 30.9375,
        "bottom": -28.304381,
        "countries": [
            "south_africa"
        ]
    },
    {
        "x": 150,
        "y": 148,
        "left": 30.9375,
        "top": -27.059126,
        "right": 32.34375,
        "bottom": -28.304381,
        "countries": [
            "south_africa",
            "swaziland"
        ]
    },
    {
        "x": 151,
        "y": 148,
        "left": 32.34375,
        "top": -27.059126,
        "right": 33.75,
        "bottom": -28.304381,
        "countries": [
            "south_africa"
        ]
    },
    {
        "x": 143,
        "y": 149,
        "left": 21.09375,
        "top": -28.304381,
        "right": 22.5,
        "bottom": -29.53523,
        "countries": [
            "south_africa"
        ]
    },
    {
        "x": 144,
        "y": 149,
        "left": 22.5,
        "top": -28.304381,
        "right": 23.90625,
        "bottom": -29.53523,
        "countries": [
            "south_africa"
        ]
    },
    {
        "x": 145,
        "y": 149,
        "left": 23.90625,
        "top": -28.304381,
        "right": 25.3125,
        "bottom": -29.53523,
        "countries": [
            "south_africa"
        ]
    },
    {
        "x": 146,
        "y": 149,
        "left": 25.3125,
        "top": -28.304381,
        "right": 26.71875,
        "bottom": -29.53523,
        "countries": [
            "south_africa"
        ]
    },
    {
        "x": 149,
        "y": 149,
        "left": 29.53125,
        "top": -28.304381,
        "right": 30.9375,
        "bottom": -29.53523,
        "countries": [
            "south_africa"
        ]
    },
    {
        "x": 150,
        "y": 149,
        "left": 30.9375,
        "top": -28.304381,
        "right": 32.34375,
        "bottom": -29.53523,
        "countries": [
            "south_africa"
        ]
    },
    {
        "x": 151,
        "y": 149,
        "left": 32.34375,
        "top": -28.304381,
        "right": 33.75,
        "bottom": -29.53523,
        "countries": [
            "south_africa"
        ]
    },
    {
        "x": 140,
        "y": 150,
        "left": 16.875,
        "top": -29.53523,
        "right": 18.28125,
        "bottom": -30.751278,
        "countries": [
            "south_africa"
        ]
    },
    {
        "x": 141,
        "y": 150,
        "left": 18.28125,
        "top": -29.53523,
        "right": 19.6875,
        "bottom": -30.751278,
        "countries": [
            "south_africa"
        ]
    },
    {
        "x": 142,
        "y": 150,
        "left": 19.6875,
        "top": -29.53523,
        "right": 21.09375,
        "bottom": -30.751278,
        "countries": [
            "south_africa"
        ]
    },
    {
        "x": 143,
        "y": 150,
        "left": 21.09375,
        "top": -29.53523,
        "right": 22.5,
        "bottom": -30.751278,
        "countries": [
            "south_africa"
        ]
    },
    {
        "x": 144,
        "y": 150,
        "left": 22.5,
        "top": -29.53523,
        "right": 23.90625,
        "bottom": -30.751278,
        "countries": [
            "south_africa"
        ]
    },
    {
        "x": 145,
        "y": 150,
        "left": 23.90625,
        "top": -29.53523,
        "right": 25.3125,
        "bottom": -30.751278,
        "countries": [
            "south_africa"
        ]
    },
    {
        "x": 146,
        "y": 150,
        "left": 25.3125,
        "top": -29.53523,
        "right": 26.71875,
        "bottom": -30.751278,
        "countries": [
            "south_africa"
        ]
    },
    {
        "x": 149,
        "y": 150,
        "left": 29.53125,
        "top": -29.53523,
        "right": 30.9375,
        "bottom": -30.751278,
        "countries": [
            "south_africa"
        ]
    },
    {
        "x": 150,
        "y": 150,
        "left": 30.9375,
        "top": -29.53523,
        "right": 32.34375,
        "bottom": -30.751278,
        "countries": [
            "south_africa"
        ]
    },
    {
        "x": 140,
        "y": 151,
        "left": 16.875,
        "top": -30.751278,
        "right": 18.28125,
        "bottom": -31.952162,
        "countries": [
            "south_africa"
        ]
    },
    {
        "x": 141,
        "y": 151,
        "left": 18.28125,
        "top": -30.751278,
        "right": 19.6875,
        "bottom": -31.952162,
        "countries": [
            "south_africa"
        ]
    },
    {
        "x": 142,
        "y": 151,
        "left": 19.6875,
        "top": -30.751278,
        "right": 21.09375,
        "bottom": -31.952162,
        "countries": [
            "south_africa"
        ]
    },
    {
        "x": 143,
        "y": 151,
        "left": 21.09375,
        "top": -30.751278,
        "right": 22.5,
        "bottom": -31.952162,
        "countries": [
            "south_africa"
        ]
    },
    {
        "x": 144,
        "y": 151,
        "left": 22.5,
        "top": -30.751278,
        "right": 23.90625,
        "bottom": -31.952162,
        "countries": [
            "south_africa"
        ]
    },
    {
        "x": 145,
        "y": 151,
        "left": 23.90625,
        "top": -30.751278,
        "right": 25.3125,
        "bottom": -31.952162,
        "countries": [
            "south_africa"
        ]
    },
    {
        "x": 146,
        "y": 151,
        "left": 25.3125,
        "top": -30.751278,
        "right": 26.71875,
        "bottom": -31.952162,
        "countries": [
            "south_africa"
        ]
    },
    {
        "x": 147,
        "y": 151,
        "left": 26.71875,
        "top": -30.751278,
        "right": 28.125,
        "bottom": -31.952162,
        "countries": [
            "south_africa"
        ]
    },
    {
        "x": 148,
        "y": 151,
        "left": 28.125,
        "top": -30.751278,
        "right": 29.53125,
        "bottom": -31.952162,
        "countries": [
            "south_africa"
        ]
    },
    {
        "x": 149,
        "y": 151,
        "left": 29.53125,
        "top": -30.751278,
        "right": 30.9375,
        "bottom": -31.952162,
        "countries": [
            "south_africa"
        ]
    },
    {
        "x": 140,
        "y": 152,
        "left": 16.875,
        "top": -31.952162,
        "right": 18.28125,
        "bottom": -33.137551,
        "countries": [
            "south_africa"
        ]
    },
    {
        "x": 141,
        "y": 152,
        "left": 18.28125,
        "top": -31.952162,
        "right": 19.6875,
        "bottom": -33.137551,
        "countries": [
            "south_africa"
        ]
    },
    {
        "x": 142,
        "y": 152,
        "left": 19.6875,
        "top": -31.952162,
        "right": 21.09375,
        "bottom": -33.137551,
        "countries": [
            "south_africa"
        ]
    },
    {
        "x": 143,
        "y": 152,
        "left": 21.09375,
        "top": -31.952162,
        "right": 22.5,
        "bottom": -33.137551,
        "countries": [
            "south_africa"
        ]
    },
    {
        "x": 144,
        "y": 152,
        "left": 22.5,
        "top": -31.952162,
        "right": 23.90625,
        "bottom": -33.137551,
        "countries": [
            "south_africa"
        ]
    },
    {
        "x": 145,
        "y": 152,
        "left": 23.90625,
        "top": -31.952162,
        "right": 25.3125,
        "bottom": -33.137551,
        "countries": [
            "south_africa"
        ]
    },
    {
        "x": 146,
        "y": 152,
        "left": 25.3125,
        "top": -31.952162,
        "right": 26.71875,
        "bottom": -33.137551,
        "countries": [
            "south_africa"
        ]
    },
    {
        "x": 147,
        "y": 152,
        "left": 26.71875,
        "top": -31.952162,
        "right": 28.125,
        "bottom": -33.137551,
        "countries": [
            "south_africa"
        ]
    },
    {
        "x": 148,
        "y": 152,
        "left": 28.125,
        "top": -31.952162,
        "right": 29.53125,
        "bottom": -33.137551,
        "countries": [
            "south_africa"
        ]
    },
    {
        "x": 140,
        "y": 153,
        "left": 16.875,
        "top": -33.137551,
        "right": 18.28125,
        "bottom": -34.307144,
        "countries": [
            "south_africa"
        ]
    },
    {
        "x": 141,
        "y": 153,
        "left": 18.28125,
        "top": -33.137551,
        "right": 19.6875,
        "bottom": -34.307144,
        "countries": [
            "south_africa"
        ]
    },
    {
        "x": 142,
        "y": 153,
        "left": 19.6875,
        "top": -33.137551,
        "right": 21.09375,
        "bottom": -34.307144,
        "countries": [
            "south_africa"
        ]
    },
    {
        "x": 143,
        "y": 153,
        "left": 21.09375,
        "top": -33.137551,
        "right": 22.5,
        "bottom": -34.307144,
        "countries": [
            "south_africa"
        ]
    },
    {
        "x": 144,
        "y": 153,
        "left": 22.5,
        "top": -33.137551,
        "right": 23.90625,
        "bottom": -34.307144,
        "countries": [
            "south_africa"
        ]
    },
    {
        "x": 145,
        "y": 153,
        "left": 23.90625,
        "top": -33.137551,
        "right": 25.3125,
        "bottom": -34.307144,
        "countries": [
            "south_africa"
        ]
    },
    {
        "x": 146,
        "y": 153,
        "left": 25.3125,
        "top": -33.137551,
        "right": 26.71875,
        "bottom": -34.307144,
        "countries": [
            "south_africa"
        ]
    },
    {
        "x": 147,
        "y": 153,
        "left": 26.71875,
        "top": -33.137551,
        "right": 28.125,
        "bottom": -34.307144,
        "countries": [
            "south_africa"
        ]
    },
    {
        "x": 141,
        "y": 154,
        "left": 18.28125,
        "top": -34.307144,
        "right": 19.6875,
        "bottom": -35.46067,
        "countries": [
            "south_africa"
        ]
    },
    {
        "x": 142,
        "y": 154,
        "left": 19.6875,
        "top": -34.307144,
        "right": 21.09375,
        "bottom": -35.46067,
        "countries": [
            "south_africa"
        ]
    },
    {
        "x": 143,
        "y": 154,
        "left": 21.09375,
        "top": -34.307144,
        "right": 22.5,
        "bottom": -35.46067,
        "countries": [
            "south_africa"
        ]
    },
    {
        "x": 154,
        "y": 165,
        "left": 36.5625,
        "top": -46.073231,
        "right": 37.96875,
        "bottom": -47.040182,
        "countries": [
            "south_africa"
        ]
    },
    {
        "x": 155,
        "y": 165,
        "left": 37.96875,
        "top": -46.073231,
        "right": 39.375,
        "bottom": -47.040182,
        "countries": [
            "south_africa"
        ]
    }
]