[
    {
        "x": 78,
        "y": 119,
        "left": -70.3125,
        "top": 12.554564,
        "right": -68.90625,
        "bottom": 11.178402,
        "countries": [
            "curacao",
            "venezuela",
            "aruba"
        ]
    },
    {
        "x": 79,
        "y": 119,
        "left": -68.90625,
        "top": 12.554564,
        "right": -67.5,
        "bottom": 11.178402,
        "countries": [
            "bonaire_saint_eustatius_and_saba",
            "venezuela",
            "curacao"
        ]
    }
]