[
    {
        "x": 78,
        "y": 135,
        "left": -70.3125,
        "top": -9.795678,
        "right": -68.90625,
        "bottom": -11.178402,
        "countries": [
            "peru",
            "brazil",
            "bolivia"
        ]
    },
    {
        "x": 78,
        "y": 136,
        "left": -70.3125,
        "top": -11.178402,
        "right": -68.90625,
        "bottom": -12.554564,
        "countries": [
            "peru",
            "bolivia"
        ]
    },
    {
        "x": 79,
        "y": 136,
        "left": -68.90625,
        "top": -11.178402,
        "right": -67.5,
        "bottom": -12.554564,
        "countries": [
            "peru",
            "bolivia"
        ]
    },
    {
        "x": 78,
        "y": 137,
        "left": -70.3125,
        "top": -12.554564,
        "right": -68.90625,
        "bottom": -13.923404,
        "countries": [
            "peru",
            "bolivia"
        ]
    },
    {
        "x": 79,
        "y": 137,
        "left": -68.90625,
        "top": -12.554564,
        "right": -67.5,
        "bottom": -13.923404,
        "countries": [
            "peru",
            "bolivia"
        ]
    },
    {
        "x": 78,
        "y": 138,
        "left": -70.3125,
        "top": -13.923404,
        "right": -68.90625,
        "bottom": -15.284185,
        "countries": [
            "peru",
            "bolivia"
        ]
    },
    {
        "x": 79,
        "y": 138,
        "left": -68.90625,
        "top": -13.923404,
        "right": -67.5,
        "bottom": -15.284185,
        "countries": [
            "peru",
            "bolivia"
        ]
    },
    {
        "x": 78,
        "y": 139,
        "left": -70.3125,
        "top": -15.284185,
        "right": -68.90625,
        "bottom": -16.636192,
        "countries": [
            "peru",
            "bolivia"
        ]
    },
    {
        "x": 79,
        "y": 139,
        "left": -68.90625,
        "top": -15.284185,
        "right": -67.5,
        "bottom": -16.636192,
        "countries": [
            "peru",
            "bolivia"
        ]
    },
    {
        "x": 78,
        "y": 140,
        "left": -70.3125,
        "top": -16.636192,
        "right": -68.90625,
        "bottom": -17.978733,
        "countries": [
            "peru",
            "chile",
            "bolivia"
        ]
    },
    {
        "x": 78,
        "y": 141,
        "left": -70.3125,
        "top": -17.978733,
        "right": -68.90625,
        "bottom": -19.311143,
        "countries": [
            "peru",
            "chile",
            "bolivia"
        ]
    },
    {
        "x": 78,
        "y": 129,
        "left": -70.3125,
        "top": -1.406109,
        "right": -68.90625,
        "bottom": -2.811371,
        "countries": [
            "peru",
            "brazil",
            "colombia"
        ]
    },
    {
        "x": 77,
        "y": 130,
        "left": -71.71875,
        "top": -2.811371,
        "right": -70.3125,
        "bottom": -4.214943,
        "countries": [
            "peru",
            "brazil",
            "colombia"
        ]
    },
    {
        "x": 78,
        "y": 130,
        "left": -70.3125,
        "top": -2.811371,
        "right": -68.90625,
        "bottom": -4.214943,
        "countries": [
            "peru",
            "brazil",
            "colombia"
        ]
    },
    {
        "x": 76,
        "y": 131,
        "left": -73.125,
        "top": -4.214943,
        "right": -71.71875,
        "bottom": -5.615986,
        "countries": [
            "peru",
            "brazil"
        ]
    },
    {
        "x": 77,
        "y": 131,
        "left": -71.71875,
        "top": -4.214943,
        "right": -70.3125,
        "bottom": -5.615986,
        "countries": [
            "peru",
            "brazil"
        ]
    },
    {
        "x": 78,
        "y": 131,
        "left": -70.3125,
        "top": -4.214943,
        "right": -68.90625,
        "bottom": -5.615986,
        "countries": [
            "peru",
            "brazil",
            "colombia"
        ]
    },
    {
        "x": 75,
        "y": 132,
        "left": -74.53125,
        "top": -5.615986,
        "right": -73.125,
        "bottom": -7.013668,
        "countries": [
            "peru",
            "brazil"
        ]
    },
    {
        "x": 76,
        "y": 132,
        "left": -73.125,
        "top": -5.615986,
        "right": -71.71875,
        "bottom": -7.013668,
        "countries": [
            "peru",
            "brazil"
        ]
    },
    {
        "x": 75,
        "y": 133,
        "left": -74.53125,
        "top": -7.013668,
        "right": -73.125,
        "bottom": -8.407168,
        "countries": [
            "peru",
            "brazil"
        ]
    },
    {
        "x": 75,
        "y": 134,
        "left": -74.53125,
        "top": -8.407168,
        "right": -73.125,
        "bottom": -9.795678,
        "countries": [
            "peru",
            "brazil"
        ]
    },
    {
        "x": 76,
        "y": 134,
        "left": -73.125,
        "top": -8.407168,
        "right": -71.71875,
        "bottom": -9.795678,
        "countries": [
            "peru",
            "brazil"
        ]
    },
    {
        "x": 77,
        "y": 134,
        "left": -71.71875,
        "top": -8.407168,
        "right": -70.3125,
        "bottom": -9.795678,
        "countries": [
            "peru",
            "brazil"
        ]
    },
    {
        "x": 76,
        "y": 135,
        "left": -73.125,
        "top": -9.795678,
        "right": -71.71875,
        "bottom": -11.178402,
        "countries": [
            "peru",
            "brazil"
        ]
    },
    {
        "x": 77,
        "y": 135,
        "left": -71.71875,
        "top": -9.795678,
        "right": -70.3125,
        "bottom": -11.178402,
        "countries": [
            "peru",
            "brazil"
        ]
    },
    {
        "x": 77,
        "y": 141,
        "left": -71.71875,
        "top": -17.978733,
        "right": -70.3125,
        "bottom": -19.311143,
        "countries": [
            "peru",
            "chile"
        ]
    },
    {
        "x": 74,
        "y": 128,
        "left": -75.9375,
        "top": 0.0,
        "right": -74.53125,
        "bottom": -1.406109,
        "countries": [
            "peru",
            "ecuador",
            "colombia"
        ]
    },
    {
        "x": 75,
        "y": 128,
        "left": -74.53125,
        "top": 0.0,
        "right": -73.125,
        "bottom": -1.406109,
        "countries": [
            "peru",
            "colombia"
        ]
    },
    {
        "x": 75,
        "y": 129,
        "left": -74.53125,
        "top": -1.406109,
        "right": -73.125,
        "bottom": -2.811371,
        "countries": [
            "peru",
            "colombia"
        ]
    },
    {
        "x": 76,
        "y": 129,
        "left": -73.125,
        "top": -1.406109,
        "right": -71.71875,
        "bottom": -2.811371,
        "countries": [
            "peru",
            "colombia"
        ]
    },
    {
        "x": 77,
        "y": 129,
        "left": -71.71875,
        "top": -1.406109,
        "right": -70.3125,
        "bottom": -2.811371,
        "countries": [
            "peru",
            "colombia"
        ]
    },
    {
        "x": 73,
        "y": 129,
        "left": -77.34375,
        "top": -1.406109,
        "right": -75.9375,
        "bottom": -2.811371,
        "countries": [
            "peru",
            "ecuador"
        ]
    },
    {
        "x": 74,
        "y": 129,
        "left": -75.9375,
        "top": -1.406109,
        "right": -74.53125,
        "bottom": -2.811371,
        "countries": [
            "peru",
            "ecuador"
        ]
    },
    {
        "x": 70,
        "y": 130,
        "left": -81.5625,
        "top": -2.811371,
        "right": -80.15625,
        "bottom": -4.214943,
        "countries": [
            "peru",
            "ecuador"
        ]
    },
    {
        "x": 71,
        "y": 130,
        "left": -80.15625,
        "top": -2.811371,
        "right": -78.75,
        "bottom": -4.214943,
        "countries": [
            "peru",
            "ecuador"
        ]
    },
    {
        "x": 72,
        "y": 130,
        "left": -78.75,
        "top": -2.811371,
        "right": -77.34375,
        "bottom": -4.214943,
        "countries": [
            "peru",
            "ecuador"
        ]
    },
    {
        "x": 73,
        "y": 130,
        "left": -77.34375,
        "top": -2.811371,
        "right": -75.9375,
        "bottom": -4.214943,
        "countries": [
            "peru",
            "ecuador"
        ]
    },
    {
        "x": 70,
        "y": 131,
        "left": -81.5625,
        "top": -4.214943,
        "right": -80.15625,
        "bottom": -5.615986,
        "countries": [
            "peru",
            "ecuador"
        ]
    },
    {
        "x": 71,
        "y": 131,
        "left": -80.15625,
        "top": -4.214943,
        "right": -78.75,
        "bottom": -5.615986,
        "countries": [
            "peru",
            "ecuador"
        ]
    },
    {
        "x": 72,
        "y": 131,
        "left": -78.75,
        "top": -4.214943,
        "right": -77.34375,
        "bottom": -5.615986,
        "countries": [
            "peru",
            "ecuador"
        ]
    },
    {
        "x": 74,
        "y": 130,
        "left": -75.9375,
        "top": -2.811371,
        "right": -74.53125,
        "bottom": -4.214943,
        "countries": [
            "peru"
        ]
    },
    {
        "x": 75,
        "y": 130,
        "left": -74.53125,
        "top": -2.811371,
        "right": -73.125,
        "bottom": -4.214943,
        "countries": [
            "peru"
        ]
    },
    {
        "x": 76,
        "y": 130,
        "left": -73.125,
        "top": -2.811371,
        "right": -71.71875,
        "bottom": -4.214943,
        "countries": [
            "peru"
        ]
    },
    {
        "x": 73,
        "y": 131,
        "left": -77.34375,
        "top": -4.214943,
        "right": -75.9375,
        "bottom": -5.615986,
        "countries": [
            "peru"
        ]
    },
    {
        "x": 74,
        "y": 131,
        "left": -75.9375,
        "top": -4.214943,
        "right": -74.53125,
        "bottom": -5.615986,
        "countries": [
            "peru"
        ]
    },
    {
        "x": 75,
        "y": 131,
        "left": -74.53125,
        "top": -4.214943,
        "right": -73.125,
        "bottom": -5.615986,
        "countries": [
            "peru"
        ]
    },
    {
        "x": 70,
        "y": 132,
        "left": -81.5625,
        "top": -5.615986,
        "right": -80.15625,
        "bottom": -7.013668,
        "countries": [
            "peru"
        ]
    },
    {
        "x": 71,
        "y": 132,
        "left": -80.15625,
        "top": -5.615986,
        "right": -78.75,
        "bottom": -7.013668,
        "countries": [
            "peru"
        ]
    },
    {
        "x": 72,
        "y": 132,
        "left": -78.75,
        "top": -5.615986,
        "right": -77.34375,
        "bottom": -7.013668,
        "countries": [
            "peru"
        ]
    },
    {
        "x": 73,
        "y": 132,
        "left": -77.34375,
        "top": -5.615986,
        "right": -75.9375,
        "bottom": -7.013668,
        "countries": [
            "peru"
        ]
    },
    {
        "x": 74,
        "y": 132,
        "left": -75.9375,
        "top": -5.615986,
        "right": -74.53125,
        "bottom": -7.013668,
        "countries": [
            "peru"
        ]
    },
    {
        "x": 71,
        "y": 133,
        "left": -80.15625,
        "top": -7.013668,
        "right": -78.75,
        "bottom": -8.407168,
        "countries": [
            "peru"
        ]
    },
    {
        "x": 72,
        "y": 133,
        "left": -78.75,
        "top": -7.013668,
        "right": -77.34375,
        "bottom": -8.407168,
        "countries": [
            "peru"
        ]
    },
    {
        "x": 73,
        "y": 133,
        "left": -77.34375,
        "top": -7.013668,
        "right": -75.9375,
        "bottom": -8.407168,
        "countries": [
            "peru"
        ]
    },
    {
        "x": 74,
        "y": 133,
        "left": -75.9375,
        "top": -7.013668,
        "right": -74.53125,
        "bottom": -8.407168,
        "countries": [
            "peru"
        ]
    },
    {
        "x": 71,
        "y": 134,
        "left": -80.15625,
        "top": -8.407168,
        "right": -78.75,
        "bottom": -9.795678,
        "countries": [
            "peru"
        ]
    },
    {
        "x": 72,
        "y": 134,
        "left": -78.75,
        "top": -8.407168,
        "right": -77.34375,
        "bottom": -9.795678,
        "countries": [
            "peru"
        ]
    },
    {
        "x": 73,
        "y": 134,
        "left": -77.34375,
        "top": -8.407168,
        "right": -75.9375,
        "bottom": -9.795678,
        "countries": [
            "peru"
        ]
    },
    {
        "x": 74,
        "y": 134,
        "left": -75.9375,
        "top": -8.407168,
        "right": -74.53125,
        "bottom": -9.795678,
        "countries": [
            "peru"
        ]
    },
    {
        "x": 72,
        "y": 135,
        "left": -78.75,
        "top": -9.795678,
        "right": -77.34375,
        "bottom": -11.178402,
        "countries": [
            "peru"
        ]
    },
    {
        "x": 73,
        "y": 135,
        "left": -77.34375,
        "top": -9.795678,
        "right": -75.9375,
        "bottom": -11.178402,
        "countries": [
            "peru"
        ]
    },
    {
        "x": 74,
        "y": 135,
        "left": -75.9375,
        "top": -9.795678,
        "right": -74.53125,
        "bottom": -11.178402,
        "countries": [
            "peru"
        ]
    },
    {
        "x": 75,
        "y": 135,
        "left": -74.53125,
        "top": -9.795678,
        "right": -73.125,
        "bottom": -11.178402,
        "countries": [
            "peru"
        ]
    },
    {
        "x": 72,
        "y": 136,
        "left": -78.75,
        "top": -11.178402,
        "right": -77.34375,
        "bottom": -12.554564,
        "countries": [
            "peru"
        ]
    },
    {
        "x": 73,
        "y": 136,
        "left": -77.34375,
        "top": -11.178402,
        "right": -75.9375,
        "bottom": -12.554564,
        "countries": [
            "peru"
        ]
    },
    {
        "x": 74,
        "y": 136,
        "left": -75.9375,
        "top": -11.178402,
        "right": -74.53125,
        "bottom": -12.554564,
        "countries": [
            "peru"
        ]
    },
    {
        "x": 75,
        "y": 136,
        "left": -74.53125,
        "top": -11.178402,
        "right": -73.125,
        "bottom": -12.554564,
        "countries": [
            "peru"
        ]
    },
    {
        "x": 76,
        "y": 136,
        "left": -73.125,
        "top": -11.178402,
        "right": -71.71875,
        "bottom": -12.554564,
        "countries": [
            "peru"
        ]
    },
    {
        "x": 77,
        "y": 136,
        "left": -71.71875,
        "top": -11.178402,
        "right": -70.3125,
        "bottom": -12.554564,
        "countries": [
            "peru"
        ]
    },
    {
        "x": 73,
        "y": 137,
        "left": -77.34375,
        "top": -12.554564,
        "right": -75.9375,
        "bottom": -13.923404,
        "countries": [
            "peru"
        ]
    },
    {
        "x": 74,
        "y": 137,
        "left": -75.9375,
        "top": -12.554564,
        "right": -74.53125,
        "bottom": -13.923404,
        "countries": [
            "peru"
        ]
    },
    {
        "x": 75,
        "y": 137,
        "left": -74.53125,
        "top": -12.554564,
        "right": -73.125,
        "bottom": -13.923404,
        "countries": [
            "peru"
        ]
    },
    {
        "x": 76,
        "y": 137,
        "left": -73.125,
        "top": -12.554564,
        "right": -71.71875,
        "bottom": -13.923404,
        "countries": [
            "peru"
        ]
    },
    {
        "x": 77,
        "y": 137,
        "left": -71.71875,
        "top": -12.554564,
        "right": -70.3125,
        "bottom": -13.923404,
        "countries": [
            "peru"
        ]
    },
    {
        "x": 73,
        "y": 138,
        "left": -77.34375,
        "top": -13.923404,
        "right": -75.9375,
        "bottom": -15.284185,
        "countries": [
            "peru"
        ]
    },
    {
        "x": 74,
        "y": 138,
        "left": -75.9375,
        "top": -13.923404,
        "right": -74.53125,
        "bottom": -15.284185,
        "countries": [
            "peru"
        ]
    },
    {
        "x": 75,
        "y": 138,
        "left": -74.53125,
        "top": -13.923404,
        "right": -73.125,
        "bottom": -15.284185,
        "countries": [
            "peru"
        ]
    },
    {
        "x": 76,
        "y": 138,
        "left": -73.125,
        "top": -13.923404,
        "right": -71.71875,
        "bottom": -15.284185,
        "countries": [
            "peru"
        ]
    },
    {
        "x": 77,
        "y": 138,
        "left": -71.71875,
        "top": -13.923404,
        "right": -70.3125,
        "bottom": -15.284185,
        "countries": [
            "peru"
        ]
    },
    {
        "x": 74,
        "y": 139,
        "left": -75.9375,
        "top": -15.284185,
        "right": -74.53125,
        "bottom": -16.636192,
        "countries": [
            "peru"
        ]
    },
    {
        "x": 75,
        "y": 139,
        "left": -74.53125,
        "top": -15.284185,
        "right": -73.125,
        "bottom": -16.636192,
        "countries": [
            "peru"
        ]
    },
    {
        "x": 76,
        "y": 139,
        "left": -73.125,
        "top": -15.284185,
        "right": -71.71875,
        "bottom": -16.636192,
        "countries": [
            "peru"
        ]
    },
    {
        "x": 77,
        "y": 139,
        "left": -71.71875,
        "top": -15.284185,
        "right": -70.3125,
        "bottom": -16.636192,
        "countries": [
            "peru"
        ]
    },
    {
        "x": 76,
        "y": 140,
        "left": -73.125,
        "top": -16.636192,
        "right": -71.71875,
        "bottom": -17.978733,
        "countries": [
            "peru"
        ]
    },
    {
        "x": 77,
        "y": 140,
        "left": -71.71875,
        "top": -16.636192,
        "right": -70.3125,
        "bottom": -17.978733,
        "countries": [
            "peru"
        ]
    }
]