[
    {
        "x": 65,
        "y": 101,
        "left": -88.59375,
        "top": 35.46067,
        "right": -87.1875,
        "bottom": 34.307144,
        "countries": [
            "alabama",
            "tennessee",
            "mississippi"
        ]
    },
    {
        "x": 66,
        "y": 101,
        "left": -87.1875,
        "top": 35.46067,
        "right": -85.78125,
        "bottom": 34.307144,
        "countries": [
            "alabama",
            "tennessee"
        ]
    },
    {
        "x": 67,
        "y": 101,
        "left": -85.78125,
        "top": 35.46067,
        "right": -84.375,
        "bottom": 34.307144,
        "countries": [
            "georgia",
            "alabama",
            "tennessee"
        ]
    },
    {
        "x": 65,
        "y": 102,
        "left": -88.59375,
        "top": 34.307144,
        "right": -87.1875,
        "bottom": 33.137551,
        "countries": [
            "alabama",
            "mississippi"
        ]
    },
    {
        "x": 66,
        "y": 102,
        "left": -87.1875,
        "top": 34.307144,
        "right": -85.78125,
        "bottom": 33.137551,
        "countries": [
            "alabama"
        ]
    },
    {
        "x": 67,
        "y": 102,
        "left": -85.78125,
        "top": 34.307144,
        "right": -84.375,
        "bottom": 33.137551,
        "countries": [
            "georgia",
            "alabama"
        ]
    },
    {
        "x": 65,
        "y": 103,
        "left": -88.59375,
        "top": 33.137551,
        "right": -87.1875,
        "bottom": 31.952162,
        "countries": [
            "alabama",
            "mississippi"
        ]
    },
    {
        "x": 66,
        "y": 103,
        "left": -87.1875,
        "top": 33.137551,
        "right": -85.78125,
        "bottom": 31.952162,
        "countries": [
            "alabama"
        ]
    },
    {
        "x": 67,
        "y": 103,
        "left": -85.78125,
        "top": 33.137551,
        "right": -84.375,
        "bottom": 31.952162,
        "countries": [
            "georgia",
            "alabama"
        ]
    },
    {
        "x": 65,
        "y": 104,
        "left": -88.59375,
        "top": 31.952162,
        "right": -87.1875,
        "bottom": 30.751278,
        "countries": [
            "alabama",
            "florida",
            "mississippi"
        ]
    },
    {
        "x": 66,
        "y": 104,
        "left": -87.1875,
        "top": 31.952162,
        "right": -85.78125,
        "bottom": 30.751278,
        "countries": [
            "alabama",
            "florida"
        ]
    },
    {
        "x": 67,
        "y": 104,
        "left": -85.78125,
        "top": 31.952162,
        "right": -84.375,
        "bottom": 30.751278,
        "countries": [
            "georgia",
            "alabama",
            "florida"
        ]
    },
    {
        "x": 65,
        "y": 105,
        "left": -88.59375,
        "top": 30.751278,
        "right": -87.1875,
        "bottom": 29.53523,
        "countries": [
            "alabama",
            "florida",
            "mississippi"
        ]
    }
]