[
    {
        "x": 60,
        "y": 100,
        "left": -95.625,
        "top": 36.597889,
        "right": -94.21875,
        "bottom": 35.46067,
        "countries": [
            "oklahoma",
            "arkansas",
            "missouri"
        ]
    },
    {
        "x": 61,
        "y": 100,
        "left": -94.21875,
        "top": 36.597889,
        "right": -92.8125,
        "bottom": 35.46067,
        "countries": [
            "arkansas",
            "missouri"
        ]
    },
    {
        "x": 62,
        "y": 100,
        "left": -92.8125,
        "top": 36.597889,
        "right": -91.40625,
        "bottom": 35.46067,
        "countries": [
            "arkansas",
            "missouri"
        ]
    },
    {
        "x": 63,
        "y": 100,
        "left": -91.40625,
        "top": 36.597889,
        "right": -90.0,
        "bottom": 35.46067,
        "countries": [
            "tennessee",
            "arkansas",
            "missouri"
        ]
    },
    {
        "x": 64,
        "y": 100,
        "left": -90.0,
        "top": 36.597889,
        "right": -88.59375,
        "bottom": 35.46067,
        "countries": [
            "tennessee",
            "arkansas",
            "missouri",
            "kentucky"
        ]
    },
    {
        "x": 60,
        "y": 101,
        "left": -95.625,
        "top": 35.46067,
        "right": -94.21875,
        "bottom": 34.307144,
        "countries": [
            "oklahoma",
            "arkansas"
        ]
    },
    {
        "x": 61,
        "y": 101,
        "left": -94.21875,
        "top": 35.46067,
        "right": -92.8125,
        "bottom": 34.307144,
        "countries": [
            "arkansas"
        ]
    },
    {
        "x": 62,
        "y": 101,
        "left": -92.8125,
        "top": 35.46067,
        "right": -91.40625,
        "bottom": 34.307144,
        "countries": [
            "arkansas"
        ]
    },
    {
        "x": 63,
        "y": 101,
        "left": -91.40625,
        "top": 35.46067,
        "right": -90.0,
        "bottom": 34.307144,
        "countries": [
            "tennessee",
            "arkansas",
            "mississippi"
        ]
    },
    {
        "x": 60,
        "y": 102,
        "left": -95.625,
        "top": 34.307144,
        "right": -94.21875,
        "bottom": 33.137551,
        "countries": [
            "texas",
            "oklahoma",
            "arkansas"
        ]
    },
    {
        "x": 61,
        "y": 102,
        "left": -94.21875,
        "top": 34.307144,
        "right": -92.8125,
        "bottom": 33.137551,
        "countries": [
            "texas",
            "arkansas"
        ]
    },
    {
        "x": 62,
        "y": 102,
        "left": -92.8125,
        "top": 34.307144,
        "right": -91.40625,
        "bottom": 33.137551,
        "countries": [
            "arkansas"
        ]
    },
    {
        "x": 63,
        "y": 102,
        "left": -91.40625,
        "top": 34.307144,
        "right": -90.0,
        "bottom": 33.137551,
        "countries": [
            "arkansas",
            "mississippi"
        ]
    },
    {
        "x": 61,
        "y": 103,
        "left": -94.21875,
        "top": 33.137551,
        "right": -92.8125,
        "bottom": 31.952162,
        "countries": [
            "texas",
            "arkansas",
            "louisiana"
        ]
    },
    {
        "x": 62,
        "y": 103,
        "left": -92.8125,
        "top": 33.137551,
        "right": -91.40625,
        "bottom": 31.952162,
        "countries": [
            "arkansas",
            "louisiana"
        ]
    },
    {
        "x": 63,
        "y": 103,
        "left": -91.40625,
        "top": 33.137551,
        "right": -90.0,
        "bottom": 31.952162,
        "countries": [
            "arkansas",
            "louisiana",
            "mississippi"
        ]
    }
]