[
    {
        "x": 71,
        "y": 108,
        "left": -80.15625,
        "top": 27.059126,
        "right": -78.75,
        "bottom": 25.799891,
        "countries": [
            "florida",
            "bahamas"
        ]
    },
    {
        "x": 71,
        "y": 109,
        "left": -80.15625,
        "top": 25.799891,
        "right": -78.75,
        "bottom": 24.527135,
        "countries": [
            "florida",
            "bahamas"
        ]
    },
    {
        "x": 65,
        "y": 104,
        "left": -88.59375,
        "top": 31.952162,
        "right": -87.1875,
        "bottom": 30.751278,
        "countries": [
            "alabama",
            "florida",
            "mississippi"
        ]
    },
    {
        "x": 66,
        "y": 104,
        "left": -87.1875,
        "top": 31.952162,
        "right": -85.78125,
        "bottom": 30.751278,
        "countries": [
            "alabama",
            "florida"
        ]
    },
    {
        "x": 67,
        "y": 104,
        "left": -85.78125,
        "top": 31.952162,
        "right": -84.375,
        "bottom": 30.751278,
        "countries": [
            "georgia",
            "alabama",
            "florida"
        ]
    },
    {
        "x": 65,
        "y": 105,
        "left": -88.59375,
        "top": 30.751278,
        "right": -87.1875,
        "bottom": 29.53523,
        "countries": [
            "alabama",
            "florida",
            "mississippi"
        ]
    },
    {
        "x": 69,
        "y": 104,
        "left": -82.96875,
        "top": 31.952162,
        "right": -81.5625,
        "bottom": 30.751278,
        "countries": [
            "georgia",
            "florida"
        ]
    },
    {
        "x": 66,
        "y": 105,
        "left": -87.1875,
        "top": 30.751278,
        "right": -85.78125,
        "bottom": 29.53523,
        "countries": [
            "florida"
        ]
    },
    {
        "x": 67,
        "y": 105,
        "left": -85.78125,
        "top": 30.751278,
        "right": -84.375,
        "bottom": 29.53523,
        "countries": [
            "georgia",
            "florida"
        ]
    },
    {
        "x": 68,
        "y": 105,
        "left": -84.375,
        "top": 30.751278,
        "right": -82.96875,
        "bottom": 29.53523,
        "countries": [
            "georgia",
            "florida"
        ]
    },
    {
        "x": 69,
        "y": 105,
        "left": -82.96875,
        "top": 30.751278,
        "right": -81.5625,
        "bottom": 29.53523,
        "countries": [
            "georgia",
            "florida"
        ]
    },
    {
        "x": 70,
        "y": 105,
        "left": -81.5625,
        "top": 30.751278,
        "right": -80.15625,
        "bottom": 29.53523,
        "countries": [
            "georgia",
            "florida"
        ]
    },
    {
        "x": 68,
        "y": 106,
        "left": -84.375,
        "top": 29.53523,
        "right": -82.96875,
        "bottom": 28.304381,
        "countries": [
            "florida"
        ]
    },
    {
        "x": 69,
        "y": 106,
        "left": -82.96875,
        "top": 29.53523,
        "right": -81.5625,
        "bottom": 28.304381,
        "countries": [
            "florida"
        ]
    },
    {
        "x": 70,
        "y": 106,
        "left": -81.5625,
        "top": 29.53523,
        "right": -80.15625,
        "bottom": 28.304381,
        "countries": [
            "florida"
        ]
    },
    {
        "x": 69,
        "y": 107,
        "left": -82.96875,
        "top": 28.304381,
        "right": -81.5625,
        "bottom": 27.059126,
        "countries": [
            "florida"
        ]
    },
    {
        "x": 70,
        "y": 107,
        "left": -81.5625,
        "top": 28.304381,
        "right": -80.15625,
        "bottom": 27.059126,
        "countries": [
            "florida"
        ]
    },
    {
        "x": 71,
        "y": 107,
        "left": -80.15625,
        "top": 28.304381,
        "right": -78.75,
        "bottom": 27.059126,
        "countries": [
            "florida"
        ]
    },
    {
        "x": 69,
        "y": 108,
        "left": -82.96875,
        "top": 27.059126,
        "right": -81.5625,
        "bottom": 25.799891,
        "countries": [
            "florida"
        ]
    },
    {
        "x": 70,
        "y": 108,
        "left": -81.5625,
        "top": 27.059126,
        "right": -80.15625,
        "bottom": 25.799891,
        "countries": [
            "florida"
        ]
    },
    {
        "x": 69,
        "y": 109,
        "left": -82.96875,
        "top": 25.799891,
        "right": -81.5625,
        "bottom": 24.527135,
        "countries": [
            "florida"
        ]
    },
    {
        "x": 70,
        "y": 109,
        "left": -81.5625,
        "top": 25.799891,
        "right": -80.15625,
        "bottom": 24.527135,
        "countries": [
            "florida"
        ]
    },
    {
        "x": 69,
        "y": 110,
        "left": -82.96875,
        "top": 24.527135,
        "right": -81.5625,
        "bottom": 23.241346,
        "countries": [
            "florida"
        ]
    }
]