[
    {
        "x": 14,
        "y": 111,
        "left": -160.3125,
        "top": 23.241346,
        "right": -158.90625,
        "bottom": 21.943046,
        "countries": [
            "hawaii"
        ]
    },
    {
        "x": 14,
        "y": 112,
        "left": -160.3125,
        "top": 21.943046,
        "right": -158.90625,
        "bottom": 20.632784,
        "countries": [
            "hawaii"
        ]
    },
    {
        "x": 15,
        "y": 112,
        "left": -158.90625,
        "top": 21.943046,
        "right": -157.5,
        "bottom": 20.632784,
        "countries": [
            "hawaii"
        ]
    },
    {
        "x": 16,
        "y": 112,
        "left": -157.5,
        "top": 21.943046,
        "right": -156.09375,
        "bottom": 20.632784,
        "countries": [
            "hawaii"
        ]
    },
    {
        "x": 17,
        "y": 112,
        "left": -156.09375,
        "top": 21.943046,
        "right": -154.6875,
        "bottom": 20.632784,
        "countries": [
            "hawaii"
        ]
    },
    {
        "x": 16,
        "y": 113,
        "left": -157.5,
        "top": 20.632784,
        "right": -156.09375,
        "bottom": 19.311143,
        "countries": [
            "hawaii"
        ]
    },
    {
        "x": 17,
        "y": 113,
        "left": -156.09375,
        "top": 20.632784,
        "right": -154.6875,
        "bottom": 19.311143,
        "countries": [
            "hawaii"
        ]
    },
    {
        "x": 17,
        "y": 114,
        "left": -156.09375,
        "top": 19.311143,
        "right": -154.6875,
        "bottom": 17.978733,
        "countries": [
            "hawaii"
        ]
    }
]