[
    {
        "x": 65,
        "y": 95,
        "left": -88.59375,
        "top": 42.032974,
        "right": -87.1875,
        "bottom": 40.979898,
        "countries": [
            "illinois",
            "indiana"
        ]
    },
    {
        "x": 65,
        "y": 96,
        "left": -88.59375,
        "top": 40.979898,
        "right": -87.1875,
        "bottom": 39.909736,
        "countries": [
            "illinois",
            "indiana"
        ]
    },
    {
        "x": 65,
        "y": 97,
        "left": -88.59375,
        "top": 39.909736,
        "right": -87.1875,
        "bottom": 38.822591,
        "countries": [
            "illinois",
            "indiana"
        ]
    },
    {
        "x": 65,
        "y": 98,
        "left": -88.59375,
        "top": 38.822591,
        "right": -87.1875,
        "bottom": 37.71859,
        "countries": [
            "kentucky",
            "illinois",
            "indiana"
        ]
    },
    {
        "x": 66,
        "y": 95,
        "left": -87.1875,
        "top": 42.032974,
        "right": -85.78125,
        "bottom": 40.979898,
        "countries": [
            "michigan",
            "indiana"
        ]
    },
    {
        "x": 67,
        "y": 95,
        "left": -85.78125,
        "top": 42.032974,
        "right": -84.375,
        "bottom": 40.979898,
        "countries": [
            "michigan",
            "indiana",
            "ohio"
        ]
    },
    {
        "x": 66,
        "y": 96,
        "left": -87.1875,
        "top": 40.979898,
        "right": -85.78125,
        "bottom": 39.909736,
        "countries": [
            "indiana"
        ]
    },
    {
        "x": 67,
        "y": 96,
        "left": -85.78125,
        "top": 40.979898,
        "right": -84.375,
        "bottom": 39.909736,
        "countries": [
            "indiana",
            "ohio"
        ]
    },
    {
        "x": 66,
        "y": 97,
        "left": -87.1875,
        "top": 39.909736,
        "right": -85.78125,
        "bottom": 38.822591,
        "countries": [
            "indiana"
        ]
    },
    {
        "x": 67,
        "y": 97,
        "left": -85.78125,
        "top": 39.909736,
        "right": -84.375,
        "bottom": 38.822591,
        "countries": [
            "indiana",
            "ohio",
            "kentucky"
        ]
    },
    {
        "x": 66,
        "y": 98,
        "left": -87.1875,
        "top": 38.822591,
        "right": -85.78125,
        "bottom": 37.71859,
        "countries": [
            "indiana",
            "kentucky"
        ]
    },
    {
        "x": 67,
        "y": 98,
        "left": -85.78125,
        "top": 38.822591,
        "right": -84.375,
        "bottom": 37.71859,
        "countries": [
            "indiana",
            "kentucky"
        ]
    }
]