[
    {
        "x": 74,
        "y": 97,
        "left": -75.9375,
        "top": 39.909736,
        "right": -74.53125,
        "bottom": 38.822591,
        "countries": [
            "maryland",
            "pennsylvania",
            "new_jersey",
            "delaware"
        ]
    },
    {
        "x": 74,
        "y": 98,
        "left": -75.9375,
        "top": 38.822591,
        "right": -74.53125,
        "bottom": 37.71859,
        "countries": [
            "maryland",
            "virginia",
            "delaware"
        ]
    },
    {
        "x": 73,
        "y": 97,
        "left": -77.34375,
        "top": 39.909736,
        "right": -75.9375,
        "bottom": 38.822591,
        "countries": [
            "maryland",
            "district_of_columbia",
            "pennsylvania",
            "virginia"
        ]
    },
    {
        "x": 73,
        "y": 98,
        "left": -77.34375,
        "top": 38.822591,
        "right": -75.9375,
        "bottom": 37.71859,
        "countries": [
            "maryland",
            "district_of_columbia",
            "virginia"
        ]
    },
    {
        "x": 71,
        "y": 97,
        "left": -80.15625,
        "top": 39.909736,
        "right": -78.75,
        "bottom": 38.822591,
        "countries": [
            "maryland",
            "pennsylvania",
            "west_virginia",
            "virginia"
        ]
    },
    {
        "x": 72,
        "y": 97,
        "left": -78.75,
        "top": 39.909736,
        "right": -77.34375,
        "bottom": 38.822591,
        "countries": [
            "maryland",
            "pennsylvania",
            "west_virginia",
            "virginia"
        ]
    }
]