[
    {
        "x": 65,
        "y": 101,
        "left": -88.59375,
        "top": 35.46067,
        "right": -87.1875,
        "bottom": 34.307144,
        "countries": [
            "alabama",
            "tennessee",
            "mississippi"
        ]
    },
    {
        "x": 65,
        "y": 102,
        "left": -88.59375,
        "top": 34.307144,
        "right": -87.1875,
        "bottom": 33.137551,
        "countries": [
            "alabama",
            "mississippi"
        ]
    },
    {
        "x": 65,
        "y": 103,
        "left": -88.59375,
        "top": 33.137551,
        "right": -87.1875,
        "bottom": 31.952162,
        "countries": [
            "alabama",
            "mississippi"
        ]
    },
    {
        "x": 65,
        "y": 104,
        "left": -88.59375,
        "top": 31.952162,
        "right": -87.1875,
        "bottom": 30.751278,
        "countries": [
            "alabama",
            "florida",
            "mississippi"
        ]
    },
    {
        "x": 65,
        "y": 105,
        "left": -88.59375,
        "top": 30.751278,
        "right": -87.1875,
        "bottom": 29.53523,
        "countries": [
            "alabama",
            "florida",
            "mississippi"
        ]
    },
    {
        "x": 63,
        "y": 101,
        "left": -91.40625,
        "top": 35.46067,
        "right": -90.0,
        "bottom": 34.307144,
        "countries": [
            "tennessee",
            "arkansas",
            "mississippi"
        ]
    },
    {
        "x": 63,
        "y": 102,
        "left": -91.40625,
        "top": 34.307144,
        "right": -90.0,
        "bottom": 33.137551,
        "countries": [
            "arkansas",
            "mississippi"
        ]
    },
    {
        "x": 63,
        "y": 103,
        "left": -91.40625,
        "top": 33.137551,
        "right": -90.0,
        "bottom": 31.952162,
        "countries": [
            "arkansas",
            "louisiana",
            "mississippi"
        ]
    },
    {
        "x": 62,
        "y": 104,
        "left": -92.8125,
        "top": 31.952162,
        "right": -91.40625,
        "bottom": 30.751278,
        "countries": [
            "louisiana",
            "mississippi"
        ]
    },
    {
        "x": 63,
        "y": 104,
        "left": -91.40625,
        "top": 31.952162,
        "right": -90.0,
        "bottom": 30.751278,
        "countries": [
            "louisiana",
            "mississippi"
        ]
    },
    {
        "x": 64,
        "y": 104,
        "left": -90.0,
        "top": 31.952162,
        "right": -88.59375,
        "bottom": 30.751278,
        "countries": [
            "louisiana",
            "mississippi"
        ]
    },
    {
        "x": 64,
        "y": 105,
        "left": -90.0,
        "top": 30.751278,
        "right": -88.59375,
        "bottom": 29.53523,
        "countries": [
            "louisiana",
            "mississippi"
        ]
    },
    {
        "x": 64,
        "y": 101,
        "left": -90.0,
        "top": 35.46067,
        "right": -88.59375,
        "bottom": 34.307144,
        "countries": [
            "tennessee",
            "mississippi"
        ]
    },
    {
        "x": 64,
        "y": 102,
        "left": -90.0,
        "top": 34.307144,
        "right": -88.59375,
        "bottom": 33.137551,
        "countries": [
            "mississippi"
        ]
    },
    {
        "x": 64,
        "y": 103,
        "left": -90.0,
        "top": 33.137551,
        "right": -88.59375,
        "bottom": 31.952162,
        "countries": [
            "mississippi"
        ]
    }
]