[
    {
        "x": 82,
        "y": 114,
        "left": -64.6875,
        "top": 19.311143,
        "right": -63.28125,
        "bottom": 17.978733,
        "countries": [
            "anguilla",
            "virgin_islands_u.s.",
            "united_states_virgin_islands",
            "british_virgin_islands"
        ]
    },
    {
        "x": 81,
        "y": 114,
        "left": -66.09375,
        "top": 19.311143,
        "right": -64.6875,
        "bottom": 17.978733,
        "countries": [
            "british_virgin_islands",
            "puerto_rico",
            "united_states_virgin_islands",
            "virgin_islands_u.s."
        ]
    },
    {
        "x": 81,
        "y": 115,
        "left": -66.09375,
        "top": 17.978733,
        "right": -64.6875,
        "bottom": 16.636192,
        "countries": [
            "puerto_rico",
            "virgin_islands_u.s.",
            "united_states_virgin_islands"
        ]
    },
    {
        "x": 82,
        "y": 115,
        "left": -64.6875,
        "top": 17.978733,
        "right": -63.28125,
        "bottom": 16.636192,
        "countries": [
            "virgin_islands_u.s.",
            "united_states_virgin_islands"
        ]
    }
]