[
    {
        "x": 83,
        "y": 115,
        "left": -63.28125,
        "top": 17.978733,
        "right": -61.875,
        "bottom": 16.636192,
        "countries": [
            "bonaire_saint_eustatius_and_saba",
            "saint_kitts_and_nevis",
            "antigua_and_barbuda",
            "saint-barth\u00e9lemy",
            "montserrat"
        ]
    },
    {
        "x": 84,
        "y": 115,
        "left": -61.875,
        "top": 17.978733,
        "right": -60.46875,
        "bottom": 16.636192,
        "countries": [
            "antigua_and_barbuda"
        ]
    }
]