[
    {
        "x": 70,
        "y": 110,
        "left": -81.5625,
        "top": 24.527135,
        "right": -80.15625,
        "bottom": 23.241346,
        "countries": [
            "cuba",
            "bahamas"
        ]
    },
    {
        "x": 71,
        "y": 110,
        "left": -80.15625,
        "top": 24.527135,
        "right": -78.75,
        "bottom": 23.241346,
        "countries": [
            "cuba"
        ]
    },
    {
        "x": 67,
        "y": 111,
        "left": -85.78125,
        "top": 23.241346,
        "right": -84.375,
        "bottom": 21.943046,
        "countries": [
            "cuba"
        ]
    },
    {
        "x": 68,
        "y": 111,
        "left": -84.375,
        "top": 23.241346,
        "right": -82.96875,
        "bottom": 21.943046,
        "countries": [
            "cuba"
        ]
    },
    {
        "x": 69,
        "y": 111,
        "left": -82.96875,
        "top": 23.241346,
        "right": -81.5625,
        "bottom": 21.943046,
        "countries": [
            "cuba"
        ]
    },
    {
        "x": 70,
        "y": 111,
        "left": -81.5625,
        "top": 23.241346,
        "right": -80.15625,
        "bottom": 21.943046,
        "countries": [
            "cuba"
        ]
    },
    {
        "x": 71,
        "y": 111,
        "left": -80.15625,
        "top": 23.241346,
        "right": -78.75,
        "bottom": 21.943046,
        "countries": [
            "cuba"
        ]
    },
    {
        "x": 72,
        "y": 111,
        "left": -78.75,
        "top": 23.241346,
        "right": -77.34375,
        "bottom": 21.943046,
        "countries": [
            "cuba"
        ]
    },
    {
        "x": 67,
        "y": 112,
        "left": -85.78125,
        "top": 21.943046,
        "right": -84.375,
        "bottom": 20.632784,
        "countries": [
            "cuba"
        ]
    },
    {
        "x": 68,
        "y": 112,
        "left": -84.375,
        "top": 21.943046,
        "right": -82.96875,
        "bottom": 20.632784,
        "countries": [
            "cuba"
        ]
    },
    {
        "x": 69,
        "y": 112,
        "left": -82.96875,
        "top": 21.943046,
        "right": -81.5625,
        "bottom": 20.632784,
        "countries": [
            "cuba"
        ]
    },
    {
        "x": 70,
        "y": 112,
        "left": -81.5625,
        "top": 21.943046,
        "right": -80.15625,
        "bottom": 20.632784,
        "countries": [
            "cuba"
        ]
    },
    {
        "x": 71,
        "y": 112,
        "left": -80.15625,
        "top": 21.943046,
        "right": -78.75,
        "bottom": 20.632784,
        "countries": [
            "cuba"
        ]
    },
    {
        "x": 72,
        "y": 112,
        "left": -78.75,
        "top": 21.943046,
        "right": -77.34375,
        "bottom": 20.632784,
        "countries": [
            "cuba"
        ]
    },
    {
        "x": 73,
        "y": 112,
        "left": -77.34375,
        "top": 21.943046,
        "right": -75.9375,
        "bottom": 20.632784,
        "countries": [
            "cuba"
        ]
    },
    {
        "x": 74,
        "y": 112,
        "left": -75.9375,
        "top": 21.943046,
        "right": -74.53125,
        "bottom": 20.632784,
        "countries": [
            "cuba"
        ]
    },
    {
        "x": 72,
        "y": 113,
        "left": -78.75,
        "top": 20.632784,
        "right": -77.34375,
        "bottom": 19.311143,
        "countries": [
            "cuba"
        ]
    },
    {
        "x": 73,
        "y": 113,
        "left": -77.34375,
        "top": 20.632784,
        "right": -75.9375,
        "bottom": 19.311143,
        "countries": [
            "cuba"
        ]
    },
    {
        "x": 74,
        "y": 113,
        "left": -75.9375,
        "top": 20.632784,
        "right": -74.53125,
        "bottom": 19.311143,
        "countries": [
            "cuba"
        ]
    },
    {
        "x": 75,
        "y": 113,
        "left": -74.53125,
        "top": 20.632784,
        "right": -73.125,
        "bottom": 19.311143,
        "countries": [
            "haiti",
            "cuba"
        ]
    }
]