[
    {
        "x": 76,
        "y": 113,
        "left": -73.125,
        "top": 20.632784,
        "right": -71.71875,
        "bottom": 19.311143,
        "countries": [
            "dominican_republic",
            "haiti"
        ]
    },
    {
        "x": 77,
        "y": 113,
        "left": -71.71875,
        "top": 20.632784,
        "right": -70.3125,
        "bottom": 19.311143,
        "countries": [
            "dominican_republic",
            "haiti"
        ]
    },
    {
        "x": 78,
        "y": 113,
        "left": -70.3125,
        "top": 20.632784,
        "right": -68.90625,
        "bottom": 19.311143,
        "countries": [
            "dominican_republic"
        ]
    },
    {
        "x": 76,
        "y": 114,
        "left": -73.125,
        "top": 19.311143,
        "right": -71.71875,
        "bottom": 17.978733,
        "countries": [
            "dominican_republic",
            "haiti"
        ]
    },
    {
        "x": 77,
        "y": 114,
        "left": -71.71875,
        "top": 19.311143,
        "right": -70.3125,
        "bottom": 17.978733,
        "countries": [
            "dominican_republic",
            "haiti"
        ]
    },
    {
        "x": 78,
        "y": 114,
        "left": -70.3125,
        "top": 19.311143,
        "right": -68.90625,
        "bottom": 17.978733,
        "countries": [
            "dominican_republic"
        ]
    },
    {
        "x": 79,
        "y": 114,
        "left": -68.90625,
        "top": 19.311143,
        "right": -67.5,
        "bottom": 17.978733,
        "countries": [
            "dominican_republic",
            "puerto_rico"
        ]
    },
    {
        "x": 77,
        "y": 115,
        "left": -71.71875,
        "top": 17.978733,
        "right": -70.3125,
        "bottom": 16.636192,
        "countries": [
            "dominican_republic"
        ]
    }
]