[
    {
        "x": 84,
        "y": 116,
        "left": -61.875,
        "top": 16.636192,
        "right": -60.46875,
        "bottom": 15.284185,
        "countries": [
            "guadeloupe",
            "dominica"
        ]
    },
    {
        "x": 84,
        "y": 117,
        "left": -61.875,
        "top": 15.284185,
        "right": -60.46875,
        "bottom": 13.923404,
        "countries": [
            "martinique",
            "dominica",
            "saint_lucia"
        ]
    }
]