[
    {
        "x": 72,
        "y": 114,
        "left": -78.75,
        "top": 19.311143,
        "right": -77.34375,
        "bottom": 17.978733,
        "countries": [
            "jamaica"
        ]
    },
    {
        "x": 73,
        "y": 114,
        "left": -77.34375,
        "top": 19.311143,
        "right": -75.9375,
        "bottom": 17.978733,
        "countries": [
            "jamaica"
        ]
    },
    {
        "x": 72,
        "y": 115,
        "left": -78.75,
        "top": 17.978733,
        "right": -77.34375,
        "bottom": 16.636192,
        "countries": [
            "jamaica"
        ]
    },
    {
        "x": 73,
        "y": 115,
        "left": -77.34375,
        "top": 17.978733,
        "right": -75.9375,
        "bottom": 16.636192,
        "countries": [
            "jamaica"
        ]
    }
]