[
    {
        "x": 64,
        "y": 114,
        "left": -90.0,
        "top": 19.311143,
        "right": -88.59375,
        "bottom": 17.978733,
        "countries": [
            "belize",
            "mexico"
        ]
    },
    {
        "x": 65,
        "y": 114,
        "left": -88.59375,
        "top": 19.311143,
        "right": -87.1875,
        "bottom": 17.978733,
        "countries": [
            "belize",
            "mexico"
        ]
    },
    {
        "x": 64,
        "y": 115,
        "left": -90.0,
        "top": 17.978733,
        "right": -88.59375,
        "bottom": 16.636192,
        "countries": [
            "belize",
            "guatemala",
            "mexico"
        ]
    },
    {
        "x": 62,
        "y": 115,
        "left": -92.8125,
        "top": 17.978733,
        "right": -91.40625,
        "bottom": 16.636192,
        "countries": [
            "guatemala",
            "mexico"
        ]
    },
    {
        "x": 63,
        "y": 115,
        "left": -91.40625,
        "top": 17.978733,
        "right": -90.0,
        "bottom": 16.636192,
        "countries": [
            "guatemala",
            "mexico"
        ]
    },
    {
        "x": 62,
        "y": 116,
        "left": -92.8125,
        "top": 16.636192,
        "right": -91.40625,
        "bottom": 15.284185,
        "countries": [
            "guatemala",
            "mexico"
        ]
    },
    {
        "x": 63,
        "y": 116,
        "left": -91.40625,
        "top": 16.636192,
        "right": -90.0,
        "bottom": 15.284185,
        "countries": [
            "guatemala",
            "mexico"
        ]
    },
    {
        "x": 62,
        "y": 117,
        "left": -92.8125,
        "top": 15.284185,
        "right": -91.40625,
        "bottom": 13.923404,
        "countries": [
            "guatemala",
            "mexico"
        ]
    },
    {
        "x": 44,
        "y": 103,
        "left": -118.125,
        "top": 33.137551,
        "right": -116.71875,
        "bottom": 31.952162,
        "countries": [
            "california",
            "mexico"
        ]
    },
    {
        "x": 45,
        "y": 103,
        "left": -116.71875,
        "top": 33.137551,
        "right": -115.3125,
        "bottom": 31.952162,
        "countries": [
            "california",
            "mexico"
        ]
    },
    {
        "x": 46,
        "y": 103,
        "left": -115.3125,
        "top": 33.137551,
        "right": -113.90625,
        "bottom": 31.952162,
        "countries": [
            "california",
            "mexico",
            "arizona"
        ]
    },
    {
        "x": 47,
        "y": 103,
        "left": -113.90625,
        "top": 33.137551,
        "right": -112.5,
        "bottom": 31.952162,
        "countries": [
            "mexico",
            "arizona"
        ]
    },
    {
        "x": 44,
        "y": 104,
        "left": -118.125,
        "top": 31.952162,
        "right": -116.71875,
        "bottom": 30.751278,
        "countries": [
            "mexico"
        ]
    },
    {
        "x": 45,
        "y": 104,
        "left": -116.71875,
        "top": 31.952162,
        "right": -115.3125,
        "bottom": 30.751278,
        "countries": [
            "mexico"
        ]
    },
    {
        "x": 46,
        "y": 104,
        "left": -115.3125,
        "top": 31.952162,
        "right": -113.90625,
        "bottom": 30.751278,
        "countries": [
            "mexico"
        ]
    },
    {
        "x": 47,
        "y": 104,
        "left": -113.90625,
        "top": 31.952162,
        "right": -112.5,
        "bottom": 30.751278,
        "countries": [
            "mexico",
            "arizona"
        ]
    },
    {
        "x": 48,
        "y": 104,
        "left": -112.5,
        "top": 31.952162,
        "right": -111.09375,
        "bottom": 30.751278,
        "countries": [
            "mexico",
            "arizona"
        ]
    },
    {
        "x": 49,
        "y": 104,
        "left": -111.09375,
        "top": 31.952162,
        "right": -109.6875,
        "bottom": 30.751278,
        "countries": [
            "mexico",
            "arizona"
        ]
    },
    {
        "x": 50,
        "y": 104,
        "left": -109.6875,
        "top": 31.952162,
        "right": -108.28125,
        "bottom": 30.751278,
        "countries": [
            "new_mexico",
            "mexico",
            "arizona"
        ]
    },
    {
        "x": 51,
        "y": 104,
        "left": -108.28125,
        "top": 31.952162,
        "right": -106.875,
        "bottom": 30.751278,
        "countries": [
            "new_mexico",
            "mexico"
        ]
    },
    {
        "x": 52,
        "y": 104,
        "left": -106.875,
        "top": 31.952162,
        "right": -105.46875,
        "bottom": 30.751278,
        "countries": [
            "new_mexico",
            "texas",
            "mexico"
        ]
    },
    {
        "x": 53,
        "y": 104,
        "left": -105.46875,
        "top": 31.952162,
        "right": -104.0625,
        "bottom": 30.751278,
        "countries": [
            "texas",
            "mexico"
        ]
    },
    {
        "x": 45,
        "y": 105,
        "left": -116.71875,
        "top": 30.751278,
        "right": -115.3125,
        "bottom": 29.53523,
        "countries": [
            "mexico"
        ]
    },
    {
        "x": 46,
        "y": 105,
        "left": -115.3125,
        "top": 30.751278,
        "right": -113.90625,
        "bottom": 29.53523,
        "countries": [
            "mexico"
        ]
    },
    {
        "x": 47,
        "y": 105,
        "left": -113.90625,
        "top": 30.751278,
        "right": -112.5,
        "bottom": 29.53523,
        "countries": [
            "mexico"
        ]
    },
    {
        "x": 48,
        "y": 105,
        "left": -112.5,
        "top": 30.751278,
        "right": -111.09375,
        "bottom": 29.53523,
        "countries": [
            "mexico"
        ]
    },
    {
        "x": 49,
        "y": 105,
        "left": -111.09375,
        "top": 30.751278,
        "right": -109.6875,
        "bottom": 29.53523,
        "countries": [
            "mexico"
        ]
    },
    {
        "x": 50,
        "y": 105,
        "left": -109.6875,
        "top": 30.751278,
        "right": -108.28125,
        "bottom": 29.53523,
        "countries": [
            "mexico"
        ]
    },
    {
        "x": 51,
        "y": 105,
        "left": -108.28125,
        "top": 30.751278,
        "right": -106.875,
        "bottom": 29.53523,
        "countries": [
            "mexico"
        ]
    },
    {
        "x": 52,
        "y": 105,
        "left": -106.875,
        "top": 30.751278,
        "right": -105.46875,
        "bottom": 29.53523,
        "countries": [
            "mexico"
        ]
    },
    {
        "x": 53,
        "y": 105,
        "left": -105.46875,
        "top": 30.751278,
        "right": -104.0625,
        "bottom": 29.53523,
        "countries": [
            "texas",
            "mexico"
        ]
    },
    {
        "x": 54,
        "y": 105,
        "left": -104.0625,
        "top": 30.751278,
        "right": -102.65625,
        "bottom": 29.53523,
        "countries": [
            "texas",
            "mexico"
        ]
    },
    {
        "x": 55,
        "y": 105,
        "left": -102.65625,
        "top": 30.751278,
        "right": -101.25,
        "bottom": 29.53523,
        "countries": [
            "texas",
            "mexico"
        ]
    },
    {
        "x": 56,
        "y": 105,
        "left": -101.25,
        "top": 30.751278,
        "right": -99.84375,
        "bottom": 29.53523,
        "countries": [
            "texas",
            "mexico"
        ]
    },
    {
        "x": 43,
        "y": 106,
        "left": -119.53125,
        "top": 29.53523,
        "right": -118.125,
        "bottom": 28.304381,
        "countries": [
            "mexico"
        ]
    },
    {
        "x": 45,
        "y": 106,
        "left": -116.71875,
        "top": 29.53523,
        "right": -115.3125,
        "bottom": 28.304381,
        "countries": [
            "mexico"
        ]
    },
    {
        "x": 46,
        "y": 106,
        "left": -115.3125,
        "top": 29.53523,
        "right": -113.90625,
        "bottom": 28.304381,
        "countries": [
            "mexico"
        ]
    },
    {
        "x": 47,
        "y": 106,
        "left": -113.90625,
        "top": 29.53523,
        "right": -112.5,
        "bottom": 28.304381,
        "countries": [
            "mexico"
        ]
    },
    {
        "x": 48,
        "y": 106,
        "left": -112.5,
        "top": 29.53523,
        "right": -111.09375,
        "bottom": 28.304381,
        "countries": [
            "mexico"
        ]
    },
    {
        "x": 49,
        "y": 106,
        "left": -111.09375,
        "top": 29.53523,
        "right": -109.6875,
        "bottom": 28.304381,
        "countries": [
            "mexico"
        ]
    },
    {
        "x": 50,
        "y": 106,
        "left": -109.6875,
        "top": 29.53523,
        "right": -108.28125,
        "bottom": 28.304381,
        "countries": [
            "mexico"
        ]
    },
    {
        "x": 51,
        "y": 106,
        "left": -108.28125,
        "top": 29.53523,
        "right": -106.875,
        "bottom": 28.304381,
        "countries": [
            "mexico"
        ]
    },
    {
        "x": 52,
        "y": 106,
        "left": -106.875,
        "top": 29.53523,
        "right": -105.46875,
        "bottom": 28.304381,
        "countries": [
            "mexico"
        ]
    },
    {
        "x": 53,
        "y": 106,
        "left": -105.46875,
        "top": 29.53523,
        "right": -104.0625,
        "bottom": 28.304381,
        "countries": [
            "texas",
            "mexico"
        ]
    },
    {
        "x": 54,
        "y": 106,
        "left": -104.0625,
        "top": 29.53523,
        "right": -102.65625,
        "bottom": 28.304381,
        "countries": [
            "texas",
            "mexico"
        ]
    },
    {
        "x": 55,
        "y": 106,
        "left": -102.65625,
        "top": 29.53523,
        "right": -101.25,
        "bottom": 28.304381,
        "countries": [
            "texas",
            "mexico"
        ]
    },
    {
        "x": 56,
        "y": 106,
        "left": -101.25,
        "top": 29.53523,
        "right": -99.84375,
        "bottom": 28.304381,
        "countries": [
            "texas",
            "mexico"
        ]
    },
    {
        "x": 45,
        "y": 107,
        "left": -116.71875,
        "top": 28.304381,
        "right": -115.3125,
        "bottom": 27.059126,
        "countries": [
            "mexico"
        ]
    },
    {
        "x": 46,
        "y": 107,
        "left": -115.3125,
        "top": 28.304381,
        "right": -113.90625,
        "bottom": 27.059126,
        "countries": [
            "mexico"
        ]
    },
    {
        "x": 47,
        "y": 107,
        "left": -113.90625,
        "top": 28.304381,
        "right": -112.5,
        "bottom": 27.059126,
        "countries": [
            "mexico"
        ]
    },
    {
        "x": 48,
        "y": 107,
        "left": -112.5,
        "top": 28.304381,
        "right": -111.09375,
        "bottom": 27.059126,
        "countries": [
            "mexico"
        ]
    },
    {
        "x": 49,
        "y": 107,
        "left": -111.09375,
        "top": 28.304381,
        "right": -109.6875,
        "bottom": 27.059126,
        "countries": [
            "mexico"
        ]
    },
    {
        "x": 50,
        "y": 107,
        "left": -109.6875,
        "top": 28.304381,
        "right": -108.28125,
        "bottom": 27.059126,
        "countries": [
            "mexico"
        ]
    },
    {
        "x": 51,
        "y": 107,
        "left": -108.28125,
        "top": 28.304381,
        "right": -106.875,
        "bottom": 27.059126,
        "countries": [
            "mexico"
        ]
    },
    {
        "x": 52,
        "y": 107,
        "left": -106.875,
        "top": 28.304381,
        "right": -105.46875,
        "bottom": 27.059126,
        "countries": [
            "mexico"
        ]
    },
    {
        "x": 53,
        "y": 107,
        "left": -105.46875,
        "top": 28.304381,
        "right": -104.0625,
        "bottom": 27.059126,
        "countries": [
            "mexico"
        ]
    },
    {
        "x": 54,
        "y": 107,
        "left": -104.0625,
        "top": 28.304381,
        "right": -102.65625,
        "bottom": 27.059126,
        "countries": [
            "mexico"
        ]
    },
    {
        "x": 55,
        "y": 107,
        "left": -102.65625,
        "top": 28.304381,
        "right": -101.25,
        "bottom": 27.059126,
        "countries": [
            "mexico"
        ]
    },
    {
        "x": 56,
        "y": 107,
        "left": -101.25,
        "top": 28.304381,
        "right": -99.84375,
        "bottom": 27.059126,
        "countries": [
            "texas",
            "mexico"
        ]
    },
    {
        "x": 57,
        "y": 107,
        "left": -99.84375,
        "top": 28.304381,
        "right": -98.4375,
        "bottom": 27.059126,
        "countries": [
            "texas",
            "mexico"
        ]
    },
    {
        "x": 46,
        "y": 108,
        "left": -115.3125,
        "top": 27.059126,
        "right": -113.90625,
        "bottom": 25.799891,
        "countries": [
            "mexico"
        ]
    },
    {
        "x": 47,
        "y": 108,
        "left": -113.90625,
        "top": 27.059126,
        "right": -112.5,
        "bottom": 25.799891,
        "countries": [
            "mexico"
        ]
    },
    {
        "x": 48,
        "y": 108,
        "left": -112.5,
        "top": 27.059126,
        "right": -111.09375,
        "bottom": 25.799891,
        "countries": [
            "mexico"
        ]
    },
    {
        "x": 49,
        "y": 108,
        "left": -111.09375,
        "top": 27.059126,
        "right": -109.6875,
        "bottom": 25.799891,
        "countries": [
            "mexico"
        ]
    },
    {
        "x": 50,
        "y": 108,
        "left": -109.6875,
        "top": 27.059126,
        "right": -108.28125,
        "bottom": 25.799891,
        "countries": [
            "mexico"
        ]
    },
    {
        "x": 51,
        "y": 108,
        "left": -108.28125,
        "top": 27.059126,
        "right": -106.875,
        "bottom": 25.799891,
        "countries": [
            "mexico"
        ]
    },
    {
        "x": 52,
        "y": 108,
        "left": -106.875,
        "top": 27.059126,
        "right": -105.46875,
        "bottom": 25.799891,
        "countries": [
            "mexico"
        ]
    },
    {
        "x": 53,
        "y": 108,
        "left": -105.46875,
        "top": 27.059126,
        "right": -104.0625,
        "bottom": 25.799891,
        "countries": [
            "mexico"
        ]
    },
    {
        "x": 54,
        "y": 108,
        "left": -104.0625,
        "top": 27.059126,
        "right": -102.65625,
        "bottom": 25.799891,
        "countries": [
            "mexico"
        ]
    },
    {
        "x": 55,
        "y": 108,
        "left": -102.65625,
        "top": 27.059126,
        "right": -101.25,
        "bottom": 25.799891,
        "countries": [
            "mexico"
        ]
    },
    {
        "x": 56,
        "y": 108,
        "left": -101.25,
        "top": 27.059126,
        "right": -99.84375,
        "bottom": 25.799891,
        "countries": [
            "mexico"
        ]
    },
    {
        "x": 57,
        "y": 108,
        "left": -99.84375,
        "top": 27.059126,
        "right": -98.4375,
        "bottom": 25.799891,
        "countries": [
            "texas",
            "mexico"
        ]
    },
    {
        "x": 58,
        "y": 108,
        "left": -98.4375,
        "top": 27.059126,
        "right": -97.03125,
        "bottom": 25.799891,
        "countries": [
            "texas",
            "mexico"
        ]
    },
    {
        "x": 48,
        "y": 109,
        "left": -112.5,
        "top": 25.799891,
        "right": -111.09375,
        "bottom": 24.527135,
        "countries": [
            "mexico"
        ]
    },
    {
        "x": 49,
        "y": 109,
        "left": -111.09375,
        "top": 25.799891,
        "right": -109.6875,
        "bottom": 24.527135,
        "countries": [
            "mexico"
        ]
    },
    {
        "x": 50,
        "y": 109,
        "left": -109.6875,
        "top": 25.799891,
        "right": -108.28125,
        "bottom": 24.527135,
        "countries": [
            "mexico"
        ]
    },
    {
        "x": 51,
        "y": 109,
        "left": -108.28125,
        "top": 25.799891,
        "right": -106.875,
        "bottom": 24.527135,
        "countries": [
            "mexico"
        ]
    },
    {
        "x": 52,
        "y": 109,
        "left": -106.875,
        "top": 25.799891,
        "right": -105.46875,
        "bottom": 24.527135,
        "countries": [
            "mexico"
        ]
    },
    {
        "x": 53,
        "y": 109,
        "left": -105.46875,
        "top": 25.799891,
        "right": -104.0625,
        "bottom": 24.527135,
        "countries": [
            "mexico"
        ]
    },
    {
        "x": 54,
        "y": 109,
        "left": -104.0625,
        "top": 25.799891,
        "right": -102.65625,
        "bottom": 24.527135,
        "countries": [
            "mexico"
        ]
    },
    {
        "x": 55,
        "y": 109,
        "left": -102.65625,
        "top": 25.799891,
        "right": -101.25,
        "bottom": 24.527135,
        "countries": [
            "mexico"
        ]
    },
    {
        "x": 56,
        "y": 109,
        "left": -101.25,
        "top": 25.799891,
        "right": -99.84375,
        "bottom": 24.527135,
        "countries": [
            "mexico"
        ]
    },
    {
        "x": 57,
        "y": 109,
        "left": -99.84375,
        "top": 25.799891,
        "right": -98.4375,
        "bottom": 24.527135,
        "countries": [
            "mexico"
        ]
    },
    {
        "x": 58,
        "y": 109,
        "left": -98.4375,
        "top": 25.799891,
        "right": -97.03125,
        "bottom": 24.527135,
        "countries": [
            "mexico"
        ]
    },
    {
        "x": 48,
        "y": 110,
        "left": -112.5,
        "top": 24.527135,
        "right": -111.09375,
        "bottom": 23.241346,
        "countries": [
            "mexico"
        ]
    },
    {
        "x": 49,
        "y": 110,
        "left": -111.09375,
        "top": 24.527135,
        "right": -109.6875,
        "bottom": 23.241346,
        "countries": [
            "mexico"
        ]
    },
    {
        "x": 50,
        "y": 110,
        "left": -109.6875,
        "top": 24.527135,
        "right": -108.28125,
        "bottom": 23.241346,
        "countries": [
            "mexico"
        ]
    },
    {
        "x": 51,
        "y": 110,
        "left": -108.28125,
        "top": 24.527135,
        "right": -106.875,
        "bottom": 23.241346,
        "countries": [
            "mexico"
        ]
    },
    {
        "x": 52,
        "y": 110,
        "left": -106.875,
        "top": 24.527135,
        "right": -105.46875,
        "bottom": 23.241346,
        "countries": [
            "mexico"
        ]
    },
    {
        "x": 53,
        "y": 110,
        "left": -105.46875,
        "top": 24.527135,
        "right": -104.0625,
        "bottom": 23.241346,
        "countries": [
            "mexico"
        ]
    },
    {
        "x": 54,
        "y": 110,
        "left": -104.0625,
        "top": 24.527135,
        "right": -102.65625,
        "bottom": 23.241346,
        "countries": [
            "mexico"
        ]
    },
    {
        "x": 55,
        "y": 110,
        "left": -102.65625,
        "top": 24.527135,
        "right": -101.25,
        "bottom": 23.241346,
        "countries": [
            "mexico"
        ]
    },
    {
        "x": 56,
        "y": 110,
        "left": -101.25,
        "top": 24.527135,
        "right": -99.84375,
        "bottom": 23.241346,
        "countries": [
            "mexico"
        ]
    },
    {
        "x": 57,
        "y": 110,
        "left": -99.84375,
        "top": 24.527135,
        "right": -98.4375,
        "bottom": 23.241346,
        "countries": [
            "mexico"
        ]
    },
    {
        "x": 58,
        "y": 110,
        "left": -98.4375,
        "top": 24.527135,
        "right": -97.03125,
        "bottom": 23.241346,
        "countries": [
            "mexico"
        ]
    },
    {
        "x": 49,
        "y": 111,
        "left": -111.09375,
        "top": 23.241346,
        "right": -109.6875,
        "bottom": 21.943046,
        "countries": [
            "mexico"
        ]
    },
    {
        "x": 50,
        "y": 111,
        "left": -109.6875,
        "top": 23.241346,
        "right": -108.28125,
        "bottom": 21.943046,
        "countries": [
            "mexico"
        ]
    },
    {
        "x": 52,
        "y": 111,
        "left": -106.875,
        "top": 23.241346,
        "right": -105.46875,
        "bottom": 21.943046,
        "countries": [
            "mexico"
        ]
    },
    {
        "x": 53,
        "y": 111,
        "left": -105.46875,
        "top": 23.241346,
        "right": -104.0625,
        "bottom": 21.943046,
        "countries": [
            "mexico"
        ]
    },
    {
        "x": 54,
        "y": 111,
        "left": -104.0625,
        "top": 23.241346,
        "right": -102.65625,
        "bottom": 21.943046,
        "countries": [
            "mexico"
        ]
    },
    {
        "x": 55,
        "y": 111,
        "left": -102.65625,
        "top": 23.241346,
        "right": -101.25,
        "bottom": 21.943046,
        "countries": [
            "mexico"
        ]
    },
    {
        "x": 56,
        "y": 111,
        "left": -101.25,
        "top": 23.241346,
        "right": -99.84375,
        "bottom": 21.943046,
        "countries": [
            "mexico"
        ]
    },
    {
        "x": 57,
        "y": 111,
        "left": -99.84375,
        "top": 23.241346,
        "right": -98.4375,
        "bottom": 21.943046,
        "countries": [
            "mexico"
        ]
    },
    {
        "x": 58,
        "y": 111,
        "left": -98.4375,
        "top": 23.241346,
        "right": -97.03125,
        "bottom": 21.943046,
        "countries": [
            "mexico"
        ]
    },
    {
        "x": 62,
        "y": 111,
        "left": -92.8125,
        "top": 23.241346,
        "right": -91.40625,
        "bottom": 21.943046,
        "countries": [
            "mexico"
        ]
    },
    {
        "x": 63,
        "y": 111,
        "left": -91.40625,
        "top": 23.241346,
        "right": -90.0,
        "bottom": 21.943046,
        "countries": [
            "mexico"
        ]
    },
    {
        "x": 64,
        "y": 111,
        "left": -90.0,
        "top": 23.241346,
        "right": -88.59375,
        "bottom": 21.943046,
        "countries": [
            "mexico"
        ]
    },
    {
        "x": 52,
        "y": 112,
        "left": -106.875,
        "top": 21.943046,
        "right": -105.46875,
        "bottom": 20.632784,
        "countries": [
            "mexico"
        ]
    },
    {
        "x": 53,
        "y": 112,
        "left": -105.46875,
        "top": 21.943046,
        "right": -104.0625,
        "bottom": 20.632784,
        "countries": [
            "mexico"
        ]
    },
    {
        "x": 54,
        "y": 112,
        "left": -104.0625,
        "top": 21.943046,
        "right": -102.65625,
        "bottom": 20.632784,
        "countries": [
            "mexico"
        ]
    },
    {
        "x": 55,
        "y": 112,
        "left": -102.65625,
        "top": 21.943046,
        "right": -101.25,
        "bottom": 20.632784,
        "countries": [
            "mexico"
        ]
    },
    {
        "x": 56,
        "y": 112,
        "left": -101.25,
        "top": 21.943046,
        "right": -99.84375,
        "bottom": 20.632784,
        "countries": [
            "mexico"
        ]
    },
    {
        "x": 57,
        "y": 112,
        "left": -99.84375,
        "top": 21.943046,
        "right": -98.4375,
        "bottom": 20.632784,
        "countries": [
            "mexico"
        ]
    },
    {
        "x": 58,
        "y": 112,
        "left": -98.4375,
        "top": 21.943046,
        "right": -97.03125,
        "bottom": 20.632784,
        "countries": [
            "mexico"
        ]
    },
    {
        "x": 63,
        "y": 112,
        "left": -91.40625,
        "top": 21.943046,
        "right": -90.0,
        "bottom": 20.632784,
        "countries": [
            "mexico"
        ]
    },
    {
        "x": 64,
        "y": 112,
        "left": -90.0,
        "top": 21.943046,
        "right": -88.59375,
        "bottom": 20.632784,
        "countries": [
            "mexico"
        ]
    },
    {
        "x": 65,
        "y": 112,
        "left": -88.59375,
        "top": 21.943046,
        "right": -87.1875,
        "bottom": 20.632784,
        "countries": [
            "mexico"
        ]
    },
    {
        "x": 66,
        "y": 112,
        "left": -87.1875,
        "top": 21.943046,
        "right": -85.78125,
        "bottom": 20.632784,
        "countries": [
            "mexico"
        ]
    },
    {
        "x": 49,
        "y": 113,
        "left": -111.09375,
        "top": 20.632784,
        "right": -109.6875,
        "bottom": 19.311143,
        "countries": [
            "mexico"
        ]
    },
    {
        "x": 52,
        "y": 113,
        "left": -106.875,
        "top": 20.632784,
        "right": -105.46875,
        "bottom": 19.311143,
        "countries": [
            "mexico"
        ]
    },
    {
        "x": 53,
        "y": 113,
        "left": -105.46875,
        "top": 20.632784,
        "right": -104.0625,
        "bottom": 19.311143,
        "countries": [
            "mexico"
        ]
    },
    {
        "x": 54,
        "y": 113,
        "left": -104.0625,
        "top": 20.632784,
        "right": -102.65625,
        "bottom": 19.311143,
        "countries": [
            "mexico"
        ]
    },
    {
        "x": 55,
        "y": 113,
        "left": -102.65625,
        "top": 20.632784,
        "right": -101.25,
        "bottom": 19.311143,
        "countries": [
            "mexico"
        ]
    },
    {
        "x": 56,
        "y": 113,
        "left": -101.25,
        "top": 20.632784,
        "right": -99.84375,
        "bottom": 19.311143,
        "countries": [
            "mexico"
        ]
    },
    {
        "x": 57,
        "y": 113,
        "left": -99.84375,
        "top": 20.632784,
        "right": -98.4375,
        "bottom": 19.311143,
        "countries": [
            "mexico"
        ]
    },
    {
        "x": 58,
        "y": 113,
        "left": -98.4375,
        "top": 20.632784,
        "right": -97.03125,
        "bottom": 19.311143,
        "countries": [
            "mexico"
        ]
    },
    {
        "x": 59,
        "y": 113,
        "left": -97.03125,
        "top": 20.632784,
        "right": -95.625,
        "bottom": 19.311143,
        "countries": [
            "mexico"
        ]
    },
    {
        "x": 63,
        "y": 113,
        "left": -91.40625,
        "top": 20.632784,
        "right": -90.0,
        "bottom": 19.311143,
        "countries": [
            "mexico"
        ]
    },
    {
        "x": 64,
        "y": 113,
        "left": -90.0,
        "top": 20.632784,
        "right": -88.59375,
        "bottom": 19.311143,
        "countries": [
            "mexico"
        ]
    },
    {
        "x": 65,
        "y": 113,
        "left": -88.59375,
        "top": 20.632784,
        "right": -87.1875,
        "bottom": 19.311143,
        "countries": [
            "mexico"
        ]
    },
    {
        "x": 66,
        "y": 113,
        "left": -87.1875,
        "top": 20.632784,
        "right": -85.78125,
        "bottom": 19.311143,
        "countries": [
            "mexico"
        ]
    },
    {
        "x": 46,
        "y": 114,
        "left": -115.3125,
        "top": 19.311143,
        "right": -113.90625,
        "bottom": 17.978733,
        "countries": [
            "mexico"
        ]
    },
    {
        "x": 48,
        "y": 114,
        "left": -112.5,
        "top": 19.311143,
        "right": -111.09375,
        "bottom": 17.978733,
        "countries": [
            "mexico"
        ]
    },
    {
        "x": 49,
        "y": 114,
        "left": -111.09375,
        "top": 19.311143,
        "right": -109.6875,
        "bottom": 17.978733,
        "countries": [
            "mexico"
        ]
    },
    {
        "x": 53,
        "y": 114,
        "left": -105.46875,
        "top": 19.311143,
        "right": -104.0625,
        "bottom": 17.978733,
        "countries": [
            "mexico"
        ]
    },
    {
        "x": 54,
        "y": 114,
        "left": -104.0625,
        "top": 19.311143,
        "right": -102.65625,
        "bottom": 17.978733,
        "countries": [
            "mexico"
        ]
    },
    {
        "x": 55,
        "y": 114,
        "left": -102.65625,
        "top": 19.311143,
        "right": -101.25,
        "bottom": 17.978733,
        "countries": [
            "mexico"
        ]
    },
    {
        "x": 56,
        "y": 114,
        "left": -101.25,
        "top": 19.311143,
        "right": -99.84375,
        "bottom": 17.978733,
        "countries": [
            "mexico"
        ]
    },
    {
        "x": 57,
        "y": 114,
        "left": -99.84375,
        "top": 19.311143,
        "right": -98.4375,
        "bottom": 17.978733,
        "countries": [
            "mexico"
        ]
    },
    {
        "x": 58,
        "y": 114,
        "left": -98.4375,
        "top": 19.311143,
        "right": -97.03125,
        "bottom": 17.978733,
        "countries": [
            "mexico"
        ]
    },
    {
        "x": 59,
        "y": 114,
        "left": -97.03125,
        "top": 19.311143,
        "right": -95.625,
        "bottom": 17.978733,
        "countries": [
            "mexico"
        ]
    },
    {
        "x": 60,
        "y": 114,
        "left": -95.625,
        "top": 19.311143,
        "right": -94.21875,
        "bottom": 17.978733,
        "countries": [
            "mexico"
        ]
    },
    {
        "x": 61,
        "y": 114,
        "left": -94.21875,
        "top": 19.311143,
        "right": -92.8125,
        "bottom": 17.978733,
        "countries": [
            "mexico"
        ]
    },
    {
        "x": 62,
        "y": 114,
        "left": -92.8125,
        "top": 19.311143,
        "right": -91.40625,
        "bottom": 17.978733,
        "countries": [
            "mexico"
        ]
    },
    {
        "x": 63,
        "y": 114,
        "left": -91.40625,
        "top": 19.311143,
        "right": -90.0,
        "bottom": 17.978733,
        "countries": [
            "mexico"
        ]
    },
    {
        "x": 55,
        "y": 115,
        "left": -102.65625,
        "top": 17.978733,
        "right": -101.25,
        "bottom": 16.636192,
        "countries": [
            "mexico"
        ]
    },
    {
        "x": 56,
        "y": 115,
        "left": -101.25,
        "top": 17.978733,
        "right": -99.84375,
        "bottom": 16.636192,
        "countries": [
            "mexico"
        ]
    },
    {
        "x": 57,
        "y": 115,
        "left": -99.84375,
        "top": 17.978733,
        "right": -98.4375,
        "bottom": 16.636192,
        "countries": [
            "mexico"
        ]
    },
    {
        "x": 58,
        "y": 115,
        "left": -98.4375,
        "top": 17.978733,
        "right": -97.03125,
        "bottom": 16.636192,
        "countries": [
            "mexico"
        ]
    },
    {
        "x": 59,
        "y": 115,
        "left": -97.03125,
        "top": 17.978733,
        "right": -95.625,
        "bottom": 16.636192,
        "countries": [
            "mexico"
        ]
    },
    {
        "x": 60,
        "y": 115,
        "left": -95.625,
        "top": 17.978733,
        "right": -94.21875,
        "bottom": 16.636192,
        "countries": [
            "mexico"
        ]
    },
    {
        "x": 61,
        "y": 115,
        "left": -94.21875,
        "top": 17.978733,
        "right": -92.8125,
        "bottom": 16.636192,
        "countries": [
            "mexico"
        ]
    },
    {
        "x": 57,
        "y": 116,
        "left": -99.84375,
        "top": 16.636192,
        "right": -98.4375,
        "bottom": 15.284185,
        "countries": [
            "mexico"
        ]
    },
    {
        "x": 58,
        "y": 116,
        "left": -98.4375,
        "top": 16.636192,
        "right": -97.03125,
        "bottom": 15.284185,
        "countries": [
            "mexico"
        ]
    },
    {
        "x": 59,
        "y": 116,
        "left": -97.03125,
        "top": 16.636192,
        "right": -95.625,
        "bottom": 15.284185,
        "countries": [
            "mexico"
        ]
    },
    {
        "x": 60,
        "y": 116,
        "left": -95.625,
        "top": 16.636192,
        "right": -94.21875,
        "bottom": 15.284185,
        "countries": [
            "mexico"
        ]
    },
    {
        "x": 61,
        "y": 116,
        "left": -94.21875,
        "top": 16.636192,
        "right": -92.8125,
        "bottom": 15.284185,
        "countries": [
            "mexico"
        ]
    },
    {
        "x": 61,
        "y": 117,
        "left": -94.21875,
        "top": 15.284185,
        "right": -92.8125,
        "bottom": 13.923404,
        "countries": [
            "mexico"
        ]
    }
]