[
    {
        "x": 69,
        "y": 121,
        "left": -82.96875,
        "top": 9.795678,
        "right": -81.5625,
        "bottom": 8.407168,
        "countries": [
            "costa_rica",
            "panama"
        ]
    },
    {
        "x": 68,
        "y": 122,
        "left": -84.375,
        "top": 8.407168,
        "right": -82.96875,
        "bottom": 7.013668,
        "countries": [
            "costa_rica",
            "panama"
        ]
    },
    {
        "x": 69,
        "y": 122,
        "left": -82.96875,
        "top": 8.407168,
        "right": -81.5625,
        "bottom": 7.013668,
        "countries": [
            "costa_rica",
            "panama"
        ]
    },
    {
        "x": 70,
        "y": 121,
        "left": -81.5625,
        "top": 9.795678,
        "right": -80.15625,
        "bottom": 8.407168,
        "countries": [
            "panama"
        ]
    },
    {
        "x": 71,
        "y": 121,
        "left": -80.15625,
        "top": 9.795678,
        "right": -78.75,
        "bottom": 8.407168,
        "countries": [
            "panama"
        ]
    },
    {
        "x": 72,
        "y": 121,
        "left": -78.75,
        "top": 9.795678,
        "right": -77.34375,
        "bottom": 8.407168,
        "countries": [
            "panama",
            "colombia"
        ]
    },
    {
        "x": 70,
        "y": 122,
        "left": -81.5625,
        "top": 8.407168,
        "right": -80.15625,
        "bottom": 7.013668,
        "countries": [
            "panama"
        ]
    },
    {
        "x": 71,
        "y": 122,
        "left": -80.15625,
        "top": 8.407168,
        "right": -78.75,
        "bottom": 7.013668,
        "countries": [
            "panama"
        ]
    },
    {
        "x": 72,
        "y": 122,
        "left": -78.75,
        "top": 8.407168,
        "right": -77.34375,
        "bottom": 7.013668,
        "countries": [
            "panama",
            "colombia"
        ]
    },
    {
        "x": 73,
        "y": 122,
        "left": -77.34375,
        "top": 8.407168,
        "right": -75.9375,
        "bottom": 7.013668,
        "countries": [
            "panama",
            "colombia"
        ]
    }
]