[
    {
        "x": 253,
        "y": 136,
        "left": 175.78125,
        "top": -11.178402,
        "right": 177.1875,
        "bottom": -12.554564,
        "countries": [
            "fiji"
        ]
    },
    {
        "x": 0,
        "y": 139,
        "left": -180.0,
        "top": -15.284185,
        "right": -178.59375,
        "bottom": -16.636192,
        "countries": [
            "fiji"
        ]
    },
    {
        "x": 254,
        "y": 139,
        "left": 177.1875,
        "top": -15.284185,
        "right": 178.59375,
        "bottom": -16.636192,
        "countries": [
            "fiji"
        ]
    },
    {
        "x": 255,
        "y": 139,
        "left": 178.59375,
        "top": -15.284185,
        "right": 180.0,
        "bottom": -16.636192,
        "countries": [
            "fiji"
        ]
    },
    {
        "x": 0,
        "y": 140,
        "left": -180.0,
        "top": -16.636192,
        "right": -178.59375,
        "bottom": -17.978733,
        "countries": [
            "fiji"
        ]
    },
    {
        "x": 253,
        "y": 140,
        "left": 175.78125,
        "top": -16.636192,
        "right": 177.1875,
        "bottom": -17.978733,
        "countries": [
            "fiji"
        ]
    },
    {
        "x": 254,
        "y": 140,
        "left": 177.1875,
        "top": -16.636192,
        "right": 178.59375,
        "bottom": -17.978733,
        "countries": [
            "fiji"
        ]
    },
    {
        "x": 255,
        "y": 140,
        "left": 178.59375,
        "top": -16.636192,
        "right": 180.0,
        "bottom": -17.978733,
        "countries": [
            "fiji"
        ]
    },
    {
        "x": 0,
        "y": 141,
        "left": -180.0,
        "top": -17.978733,
        "right": -178.59375,
        "bottom": -19.311143,
        "countries": [
            "fiji"
        ]
    },
    {
        "x": 1,
        "y": 141,
        "left": -178.59375,
        "top": -17.978733,
        "right": -177.1875,
        "bottom": -19.311143,
        "countries": [
            "fiji"
        ]
    },
    {
        "x": 254,
        "y": 141,
        "left": 177.1875,
        "top": -17.978733,
        "right": 178.59375,
        "bottom": -19.311143,
        "countries": [
            "fiji"
        ]
    },
    {
        "x": 255,
        "y": 141,
        "left": 178.59375,
        "top": -17.978733,
        "right": 180.0,
        "bottom": -19.311143,
        "countries": [
            "fiji"
        ]
    },
    {
        "x": 1,
        "y": 142,
        "left": -178.59375,
        "top": -19.311143,
        "right": -177.1875,
        "bottom": -20.632784,
        "countries": [
            "fiji"
        ]
    },
    {
        "x": 0,
        "y": 143,
        "left": -180.0,
        "top": -20.632784,
        "right": -178.59375,
        "bottom": -21.943046,
        "countries": [
            "fiji"
        ]
    }
]