[
    {
        "x": 243,
        "y": 119,
        "left": 161.71875,
        "top": 12.554564,
        "right": 163.125,
        "bottom": 11.178402,
        "countries": [
            "micronesia"
        ]
    },
    {
        "x": 227,
        "y": 120,
        "left": 139.21875,
        "top": 11.178402,
        "right": 140.625,
        "bottom": 9.795678,
        "countries": [
            "micronesia"
        ]
    },
    {
        "x": 242,
        "y": 120,
        "left": 160.3125,
        "top": 11.178402,
        "right": 161.71875,
        "bottom": 9.795678,
        "countries": [
            "micronesia"
        ]
    },
    {
        "x": 226,
        "y": 121,
        "left": 137.8125,
        "top": 9.795678,
        "right": 139.21875,
        "bottom": 8.407168,
        "countries": [
            "micronesia"
        ]
    },
    {
        "x": 227,
        "y": 121,
        "left": 139.21875,
        "top": 9.795678,
        "right": 140.625,
        "bottom": 8.407168,
        "countries": [
            "micronesia"
        ]
    },
    {
        "x": 234,
        "y": 121,
        "left": 149.0625,
        "top": 9.795678,
        "right": 150.46875,
        "bottom": 8.407168,
        "countries": [
            "micronesia"
        ]
    },
    {
        "x": 235,
        "y": 121,
        "left": 150.46875,
        "top": 9.795678,
        "right": 151.875,
        "bottom": 8.407168,
        "countries": [
            "micronesia"
        ]
    },
    {
        "x": 236,
        "y": 121,
        "left": 151.875,
        "top": 9.795678,
        "right": 153.28125,
        "bottom": 8.407168,
        "countries": [
            "micronesia"
        ]
    },
    {
        "x": 242,
        "y": 121,
        "left": 160.3125,
        "top": 9.795678,
        "right": 161.71875,
        "bottom": 8.407168,
        "countries": [
            "micronesia"
        ]
    },
    {
        "x": 230,
        "y": 122,
        "left": 143.4375,
        "top": 8.407168,
        "right": 144.84375,
        "bottom": 7.013668,
        "countries": [
            "micronesia"
        ]
    },
    {
        "x": 232,
        "y": 122,
        "left": 146.25,
        "top": 8.407168,
        "right": 147.65625,
        "bottom": 7.013668,
        "countries": [
            "micronesia"
        ]
    },
    {
        "x": 235,
        "y": 122,
        "left": 150.46875,
        "top": 8.407168,
        "right": 151.875,
        "bottom": 7.013668,
        "countries": [
            "micronesia"
        ]
    },
    {
        "x": 236,
        "y": 122,
        "left": 151.875,
        "top": 8.407168,
        "right": 153.28125,
        "bottom": 7.013668,
        "countries": [
            "micronesia"
        ]
    },
    {
        "x": 240,
        "y": 122,
        "left": 157.5,
        "top": 8.407168,
        "right": 158.90625,
        "bottom": 7.013668,
        "countries": [
            "micronesia"
        ]
    },
    {
        "x": 234,
        "y": 123,
        "left": 149.0625,
        "top": 7.013668,
        "right": 150.46875,
        "bottom": 5.615986,
        "countries": [
            "micronesia"
        ]
    },
    {
        "x": 239,
        "y": 123,
        "left": 156.09375,
        "top": 7.013668,
        "right": 157.5,
        "bottom": 5.615986,
        "countries": [
            "micronesia"
        ]
    },
    {
        "x": 240,
        "y": 123,
        "left": 157.5,
        "top": 7.013668,
        "right": 158.90625,
        "bottom": 5.615986,
        "countries": [
            "micronesia"
        ]
    },
    {
        "x": 241,
        "y": 123,
        "left": 158.90625,
        "top": 7.013668,
        "right": 160.3125,
        "bottom": 5.615986,
        "countries": [
            "micronesia"
        ]
    },
    {
        "x": 242,
        "y": 123,
        "left": 160.3125,
        "top": 7.013668,
        "right": 161.71875,
        "bottom": 5.615986,
        "countries": [
            "micronesia"
        ]
    },
    {
        "x": 237,
        "y": 124,
        "left": 153.28125,
        "top": 5.615986,
        "right": 154.6875,
        "bottom": 4.214943,
        "countries": [
            "micronesia"
        ]
    },
    {
        "x": 243,
        "y": 124,
        "left": 161.71875,
        "top": 5.615986,
        "right": 163.125,
        "bottom": 4.214943,
        "countries": [
            "micronesia"
        ]
    }
]