[
    {
        "x": 223,
        "y": 122,
        "left": 133.59375,
        "top": 8.407168,
        "right": 135.0,
        "bottom": 7.013668,
        "countries": [
            "palau"
        ]
    },
    {
        "x": 223,
        "y": 123,
        "left": 133.59375,
        "top": 7.013668,
        "right": 135.0,
        "bottom": 5.615986,
        "countries": [
            "palau"
        ]
    },
    {
        "x": 221,
        "y": 124,
        "left": 130.78125,
        "top": 5.615986,
        "right": 132.1875,
        "bottom": 4.214943,
        "countries": [
            "palau"
        ]
    },
    {
        "x": 222,
        "y": 124,
        "left": 132.1875,
        "top": 5.615986,
        "right": 133.59375,
        "bottom": 4.214943,
        "countries": [
            "palau"
        ]
    },
    {
        "x": 221,
        "y": 125,
        "left": 130.78125,
        "top": 4.214943,
        "right": 132.1875,
        "bottom": 2.811371,
        "countries": [
            "palau"
        ]
    }
]