[
    {
        "x": 6,
        "y": 138,
        "left": -171.5625,
        "top": -13.923404,
        "right": -170.15625,
        "bottom": -15.284185,
        "countries": [
            "american_samoa",
            "samoa"
        ]
    },
    {
        "x": 5,
        "y": 137,
        "left": -172.96875,
        "top": -12.554564,
        "right": -171.5625,
        "bottom": -13.923404,
        "countries": [
            "samoa"
        ]
    },
    {
        "x": 6,
        "y": 137,
        "left": -171.5625,
        "top": -12.554564,
        "right": -170.15625,
        "bottom": -13.923404,
        "countries": [
            "samoa"
        ]
    },
    {
        "x": 5,
        "y": 138,
        "left": -172.96875,
        "top": -13.923404,
        "right": -171.5625,
        "bottom": -15.284185,
        "countries": [
            "samoa"
        ]
    }
]