[
    {
        "x": 3,
        "y": 139,
        "left": -175.78125,
        "top": -15.284185,
        "right": -174.375,
        "bottom": -16.636192,
        "countries": [
            "tonga"
        ]
    },
    {
        "x": 4,
        "y": 139,
        "left": -174.375,
        "top": -15.284185,
        "right": -172.96875,
        "bottom": -16.636192,
        "countries": [
            "tonga"
        ]
    },
    {
        "x": 3,
        "y": 141,
        "left": -175.78125,
        "top": -17.978733,
        "right": -174.375,
        "bottom": -19.311143,
        "countries": [
            "tonga"
        ]
    },
    {
        "x": 4,
        "y": 141,
        "left": -174.375,
        "top": -17.978733,
        "right": -172.96875,
        "bottom": -19.311143,
        "countries": [
            "tonga"
        ]
    },
    {
        "x": 3,
        "y": 142,
        "left": -175.78125,
        "top": -19.311143,
        "right": -174.375,
        "bottom": -20.632784,
        "countries": [
            "tonga"
        ]
    },
    {
        "x": 4,
        "y": 142,
        "left": -174.375,
        "top": -19.311143,
        "right": -172.96875,
        "bottom": -20.632784,
        "countries": [
            "tonga"
        ]
    },
    {
        "x": 3,
        "y": 143,
        "left": -175.78125,
        "top": -20.632784,
        "right": -174.375,
        "bottom": -21.943046,
        "countries": [
            "tonga"
        ]
    },
    {
        "x": 2,
        "y": 144,
        "left": -177.1875,
        "top": -21.943046,
        "right": -175.78125,
        "bottom": -23.241346,
        "countries": [
            "tonga"
        ]
    }
]