[
    {
        "x": 253,
        "y": 132,
        "left": 175.78125,
        "top": -5.615986,
        "right": 177.1875,
        "bottom": -7.013668,
        "countries": [
            "tuvalu"
        ]
    },
    {
        "x": 254,
        "y": 132,
        "left": 177.1875,
        "top": -5.615986,
        "right": 178.59375,
        "bottom": -7.013668,
        "countries": [
            "tuvalu"
        ]
    },
    {
        "x": 253,
        "y": 133,
        "left": 175.78125,
        "top": -7.013668,
        "right": 177.1875,
        "bottom": -8.407168,
        "countries": [
            "tuvalu"
        ]
    },
    {
        "x": 254,
        "y": 133,
        "left": 177.1875,
        "top": -7.013668,
        "right": 178.59375,
        "bottom": -8.407168,
        "countries": [
            "tuvalu"
        ]
    },
    {
        "x": 255,
        "y": 133,
        "left": 178.59375,
        "top": -7.013668,
        "right": 180.0,
        "bottom": -8.407168,
        "countries": [
            "tuvalu"
        ]
    },
    {
        "x": 255,
        "y": 134,
        "left": 178.59375,
        "top": -8.407168,
        "right": 180.0,
        "bottom": -9.795678,
        "countries": [
            "tuvalu"
        ]
    }
]