[
    {
        "x": 246,
        "y": 137,
        "left": 165.9375,
        "top": -12.554564,
        "right": 167.34375,
        "bottom": -13.923404,
        "countries": [
            "vanuatu"
        ]
    },
    {
        "x": 247,
        "y": 137,
        "left": 167.34375,
        "top": -12.554564,
        "right": 168.75,
        "bottom": -13.923404,
        "countries": [
            "vanuatu"
        ]
    },
    {
        "x": 246,
        "y": 138,
        "left": 165.9375,
        "top": -13.923404,
        "right": 167.34375,
        "bottom": -15.284185,
        "countries": [
            "vanuatu"
        ]
    },
    {
        "x": 247,
        "y": 138,
        "left": 167.34375,
        "top": -13.923404,
        "right": 168.75,
        "bottom": -15.284185,
        "countries": [
            "vanuatu"
        ]
    },
    {
        "x": 246,
        "y": 139,
        "left": 165.9375,
        "top": -15.284185,
        "right": 167.34375,
        "bottom": -16.636192,
        "countries": [
            "vanuatu"
        ]
    },
    {
        "x": 247,
        "y": 139,
        "left": 167.34375,
        "top": -15.284185,
        "right": 168.75,
        "bottom": -16.636192,
        "countries": [
            "vanuatu"
        ]
    },
    {
        "x": 247,
        "y": 140,
        "left": 167.34375,
        "top": -16.636192,
        "right": 168.75,
        "bottom": -17.978733,
        "countries": [
            "vanuatu"
        ]
    },
    {
        "x": 248,
        "y": 141,
        "left": 168.75,
        "top": -17.978733,
        "right": 170.15625,
        "bottom": -19.311143,
        "countries": [
            "vanuatu"
        ]
    },
    {
        "x": 248,
        "y": 142,
        "left": 168.75,
        "top": -19.311143,
        "right": 170.15625,
        "bottom": -20.632784,
        "countries": [
            "vanuatu"
        ]
    },
    {
        "x": 249,
        "y": 142,
        "left": 170.15625,
        "top": -19.311143,
        "right": 171.5625,
        "bottom": -20.632784,
        "countries": [
            "vanuatu"
        ]
    }
]