[
    {
        "x": 179,
        "y": 131,
        "left": 71.71875,
        "top": -4.214943,
        "right": 73.125,
        "bottom": -5.615986,
        "countries": [
            "british_indian_ocean_territory"
        ]
    },
    {
        "x": 178,
        "y": 132,
        "left": 70.3125,
        "top": -5.615986,
        "right": 71.71875,
        "bottom": -7.013668,
        "countries": [
            "british_indian_ocean_territory"
        ]
    },
    {
        "x": 179,
        "y": 132,
        "left": 71.71875,
        "top": -5.615986,
        "right": 73.125,
        "bottom": -7.013668,
        "countries": [
            "british_indian_ocean_territory"
        ]
    },
    {
        "x": 179,
        "y": 133,
        "left": 71.71875,
        "top": -7.013668,
        "right": 73.125,
        "bottom": -8.407168,
        "countries": [
            "british_indian_ocean_territory"
        ]
    }
]