[
    {
        "x": 152,
        "y": 100,
        "left": 33.75,
        "top": 36.597889,
        "right": 35.15625,
        "bottom": 35.46067,
        "countries": [
            "turkey",
            "cyprus"
        ]
    },
    {
        "x": 150,
        "y": 101,
        "left": 30.9375,
        "top": 35.46067,
        "right": 32.34375,
        "bottom": 34.307144,
        "countries": [
            "cyprus"
        ]
    },
    {
        "x": 151,
        "y": 101,
        "left": 32.34375,
        "top": 35.46067,
        "right": 33.75,
        "bottom": 34.307144,
        "countries": [
            "cyprus"
        ]
    },
    {
        "x": 152,
        "y": 101,
        "left": 33.75,
        "top": 35.46067,
        "right": 35.15625,
        "bottom": 34.307144,
        "countries": [
            "cyprus"
        ]
    }
]