[
    {
        "x": 171,
        "y": 100,
        "left": 60.46875,
        "top": 36.597889,
        "right": 61.875,
        "bottom": 35.46067,
        "countries": [
            "iran",
            "afghanistan",
            "turkmenistan"
        ]
    },
    {
        "x": 171,
        "y": 101,
        "left": 60.46875,
        "top": 35.46067,
        "right": 61.875,
        "bottom": 34.307144,
        "countries": [
            "iran",
            "afghanistan",
            "turkmenistan"
        ]
    },
    {
        "x": 171,
        "y": 102,
        "left": 60.46875,
        "top": 34.307144,
        "right": 61.875,
        "bottom": 33.137551,
        "countries": [
            "iran",
            "afghanistan"
        ]
    },
    {
        "x": 171,
        "y": 103,
        "left": 60.46875,
        "top": 33.137551,
        "right": 61.875,
        "bottom": 31.952162,
        "countries": [
            "iran",
            "afghanistan"
        ]
    },
    {
        "x": 171,
        "y": 104,
        "left": 60.46875,
        "top": 31.952162,
        "right": 61.875,
        "bottom": 30.751278,
        "countries": [
            "iran",
            "afghanistan"
        ]
    },
    {
        "x": 171,
        "y": 105,
        "left": 60.46875,
        "top": 30.751278,
        "right": 61.875,
        "bottom": 29.53523,
        "countries": [
            "iran",
            "afghanistan",
            "pakistan"
        ]
    },
    {
        "x": 172,
        "y": 106,
        "left": 61.875,
        "top": 29.53523,
        "right": 63.28125,
        "bottom": 28.304381,
        "countries": [
            "iran",
            "afghanistan",
            "pakistan"
        ]
    },
    {
        "x": 159,
        "y": 97,
        "left": 43.59375,
        "top": 39.909736,
        "right": 45.0,
        "bottom": 38.822591,
        "countries": [
            "iran",
            "azerbaijan",
            "armenia",
            "turkey"
        ]
    },
    {
        "x": 160,
        "y": 97,
        "left": 45.0,
        "top": 39.909736,
        "right": 46.40625,
        "bottom": 38.822591,
        "countries": [
            "iran",
            "azerbaijan",
            "armenia"
        ]
    },
    {
        "x": 161,
        "y": 97,
        "left": 46.40625,
        "top": 39.909736,
        "right": 47.8125,
        "bottom": 38.822591,
        "countries": [
            "iran",
            "azerbaijan",
            "armenia"
        ]
    },
    {
        "x": 162,
        "y": 97,
        "left": 47.8125,
        "top": 39.909736,
        "right": 49.21875,
        "bottom": 38.822591,
        "countries": [
            "iran",
            "azerbaijan"
        ]
    },
    {
        "x": 160,
        "y": 98,
        "left": 45.0,
        "top": 38.822591,
        "right": 46.40625,
        "bottom": 37.71859,
        "countries": [
            "iran",
            "azerbaijan"
        ]
    },
    {
        "x": 162,
        "y": 98,
        "left": 47.8125,
        "top": 38.822591,
        "right": 49.21875,
        "bottom": 37.71859,
        "countries": [
            "iran",
            "azerbaijan"
        ]
    },
    {
        "x": 159,
        "y": 98,
        "left": 43.59375,
        "top": 38.822591,
        "right": 45.0,
        "bottom": 37.71859,
        "countries": [
            "iran",
            "turkey"
        ]
    },
    {
        "x": 161,
        "y": 98,
        "left": 46.40625,
        "top": 38.822591,
        "right": 47.8125,
        "bottom": 37.71859,
        "countries": [
            "iran"
        ]
    },
    {
        "x": 166,
        "y": 98,
        "left": 53.4375,
        "top": 38.822591,
        "right": 54.84375,
        "bottom": 37.71859,
        "countries": [
            "iran",
            "turkmenistan"
        ]
    },
    {
        "x": 167,
        "y": 98,
        "left": 54.84375,
        "top": 38.822591,
        "right": 56.25,
        "bottom": 37.71859,
        "countries": [
            "iran",
            "turkmenistan"
        ]
    },
    {
        "x": 168,
        "y": 98,
        "left": 56.25,
        "top": 38.822591,
        "right": 57.65625,
        "bottom": 37.71859,
        "countries": [
            "iran",
            "turkmenistan"
        ]
    },
    {
        "x": 169,
        "y": 98,
        "left": 57.65625,
        "top": 38.822591,
        "right": 59.0625,
        "bottom": 37.71859,
        "countries": [
            "iran",
            "turkmenistan"
        ]
    },
    {
        "x": 159,
        "y": 99,
        "left": 43.59375,
        "top": 37.71859,
        "right": 45.0,
        "bottom": 36.597889,
        "countries": [
            "iran",
            "turkey",
            "iraq"
        ]
    },
    {
        "x": 160,
        "y": 99,
        "left": 45.0,
        "top": 37.71859,
        "right": 46.40625,
        "bottom": 36.597889,
        "countries": [
            "iran",
            "iraq"
        ]
    },
    {
        "x": 161,
        "y": 99,
        "left": 46.40625,
        "top": 37.71859,
        "right": 47.8125,
        "bottom": 36.597889,
        "countries": [
            "iran"
        ]
    },
    {
        "x": 162,
        "y": 99,
        "left": 47.8125,
        "top": 37.71859,
        "right": 49.21875,
        "bottom": 36.597889,
        "countries": [
            "iran"
        ]
    },
    {
        "x": 163,
        "y": 99,
        "left": 49.21875,
        "top": 37.71859,
        "right": 50.625,
        "bottom": 36.597889,
        "countries": [
            "iran"
        ]
    },
    {
        "x": 164,
        "y": 99,
        "left": 50.625,
        "top": 37.71859,
        "right": 52.03125,
        "bottom": 36.597889,
        "countries": [
            "iran"
        ]
    },
    {
        "x": 165,
        "y": 99,
        "left": 52.03125,
        "top": 37.71859,
        "right": 53.4375,
        "bottom": 36.597889,
        "countries": [
            "iran"
        ]
    },
    {
        "x": 166,
        "y": 99,
        "left": 53.4375,
        "top": 37.71859,
        "right": 54.84375,
        "bottom": 36.597889,
        "countries": [
            "iran",
            "turkmenistan"
        ]
    },
    {
        "x": 167,
        "y": 99,
        "left": 54.84375,
        "top": 37.71859,
        "right": 56.25,
        "bottom": 36.597889,
        "countries": [
            "iran"
        ]
    },
    {
        "x": 168,
        "y": 99,
        "left": 56.25,
        "top": 37.71859,
        "right": 57.65625,
        "bottom": 36.597889,
        "countries": [
            "iran"
        ]
    },
    {
        "x": 169,
        "y": 99,
        "left": 57.65625,
        "top": 37.71859,
        "right": 59.0625,
        "bottom": 36.597889,
        "countries": [
            "iran",
            "turkmenistan"
        ]
    },
    {
        "x": 170,
        "y": 99,
        "left": 59.0625,
        "top": 37.71859,
        "right": 60.46875,
        "bottom": 36.597889,
        "countries": [
            "iran",
            "turkmenistan"
        ]
    },
    {
        "x": 171,
        "y": 99,
        "left": 60.46875,
        "top": 37.71859,
        "right": 61.875,
        "bottom": 36.597889,
        "countries": [
            "iran",
            "turkmenistan"
        ]
    },
    {
        "x": 160,
        "y": 100,
        "left": 45.0,
        "top": 36.597889,
        "right": 46.40625,
        "bottom": 35.46067,
        "countries": [
            "iran",
            "iraq"
        ]
    },
    {
        "x": 161,
        "y": 100,
        "left": 46.40625,
        "top": 36.597889,
        "right": 47.8125,
        "bottom": 35.46067,
        "countries": [
            "iran"
        ]
    },
    {
        "x": 162,
        "y": 100,
        "left": 47.8125,
        "top": 36.597889,
        "right": 49.21875,
        "bottom": 35.46067,
        "countries": [
            "iran"
        ]
    },
    {
        "x": 163,
        "y": 100,
        "left": 49.21875,
        "top": 36.597889,
        "right": 50.625,
        "bottom": 35.46067,
        "countries": [
            "iran"
        ]
    },
    {
        "x": 164,
        "y": 100,
        "left": 50.625,
        "top": 36.597889,
        "right": 52.03125,
        "bottom": 35.46067,
        "countries": [
            "iran"
        ]
    },
    {
        "x": 165,
        "y": 100,
        "left": 52.03125,
        "top": 36.597889,
        "right": 53.4375,
        "bottom": 35.46067,
        "countries": [
            "iran"
        ]
    },
    {
        "x": 166,
        "y": 100,
        "left": 53.4375,
        "top": 36.597889,
        "right": 54.84375,
        "bottom": 35.46067,
        "countries": [
            "iran"
        ]
    },
    {
        "x": 167,
        "y": 100,
        "left": 54.84375,
        "top": 36.597889,
        "right": 56.25,
        "bottom": 35.46067,
        "countries": [
            "iran"
        ]
    },
    {
        "x": 168,
        "y": 100,
        "left": 56.25,
        "top": 36.597889,
        "right": 57.65625,
        "bottom": 35.46067,
        "countries": [
            "iran"
        ]
    },
    {
        "x": 169,
        "y": 100,
        "left": 57.65625,
        "top": 36.597889,
        "right": 59.0625,
        "bottom": 35.46067,
        "countries": [
            "iran"
        ]
    },
    {
        "x": 170,
        "y": 100,
        "left": 59.0625,
        "top": 36.597889,
        "right": 60.46875,
        "bottom": 35.46067,
        "countries": [
            "iran"
        ]
    },
    {
        "x": 160,
        "y": 101,
        "left": 45.0,
        "top": 35.46067,
        "right": 46.40625,
        "bottom": 34.307144,
        "countries": [
            "iran",
            "iraq"
        ]
    },
    {
        "x": 161,
        "y": 101,
        "left": 46.40625,
        "top": 35.46067,
        "right": 47.8125,
        "bottom": 34.307144,
        "countries": [
            "iran"
        ]
    },
    {
        "x": 162,
        "y": 101,
        "left": 47.8125,
        "top": 35.46067,
        "right": 49.21875,
        "bottom": 34.307144,
        "countries": [
            "iran"
        ]
    },
    {
        "x": 163,
        "y": 101,
        "left": 49.21875,
        "top": 35.46067,
        "right": 50.625,
        "bottom": 34.307144,
        "countries": [
            "iran"
        ]
    },
    {
        "x": 164,
        "y": 101,
        "left": 50.625,
        "top": 35.46067,
        "right": 52.03125,
        "bottom": 34.307144,
        "countries": [
            "iran"
        ]
    },
    {
        "x": 165,
        "y": 101,
        "left": 52.03125,
        "top": 35.46067,
        "right": 53.4375,
        "bottom": 34.307144,
        "countries": [
            "iran"
        ]
    },
    {
        "x": 166,
        "y": 101,
        "left": 53.4375,
        "top": 35.46067,
        "right": 54.84375,
        "bottom": 34.307144,
        "countries": [
            "iran"
        ]
    },
    {
        "x": 167,
        "y": 101,
        "left": 54.84375,
        "top": 35.46067,
        "right": 56.25,
        "bottom": 34.307144,
        "countries": [
            "iran"
        ]
    },
    {
        "x": 168,
        "y": 101,
        "left": 56.25,
        "top": 35.46067,
        "right": 57.65625,
        "bottom": 34.307144,
        "countries": [
            "iran"
        ]
    },
    {
        "x": 169,
        "y": 101,
        "left": 57.65625,
        "top": 35.46067,
        "right": 59.0625,
        "bottom": 34.307144,
        "countries": [
            "iran"
        ]
    },
    {
        "x": 170,
        "y": 101,
        "left": 59.0625,
        "top": 35.46067,
        "right": 60.46875,
        "bottom": 34.307144,
        "countries": [
            "iran"
        ]
    },
    {
        "x": 160,
        "y": 102,
        "left": 45.0,
        "top": 34.307144,
        "right": 46.40625,
        "bottom": 33.137551,
        "countries": [
            "iran",
            "iraq"
        ]
    },
    {
        "x": 161,
        "y": 102,
        "left": 46.40625,
        "top": 34.307144,
        "right": 47.8125,
        "bottom": 33.137551,
        "countries": [
            "iran"
        ]
    },
    {
        "x": 162,
        "y": 102,
        "left": 47.8125,
        "top": 34.307144,
        "right": 49.21875,
        "bottom": 33.137551,
        "countries": [
            "iran"
        ]
    },
    {
        "x": 163,
        "y": 102,
        "left": 49.21875,
        "top": 34.307144,
        "right": 50.625,
        "bottom": 33.137551,
        "countries": [
            "iran"
        ]
    },
    {
        "x": 164,
        "y": 102,
        "left": 50.625,
        "top": 34.307144,
        "right": 52.03125,
        "bottom": 33.137551,
        "countries": [
            "iran"
        ]
    },
    {
        "x": 165,
        "y": 102,
        "left": 52.03125,
        "top": 34.307144,
        "right": 53.4375,
        "bottom": 33.137551,
        "countries": [
            "iran"
        ]
    },
    {
        "x": 166,
        "y": 102,
        "left": 53.4375,
        "top": 34.307144,
        "right": 54.84375,
        "bottom": 33.137551,
        "countries": [
            "iran"
        ]
    },
    {
        "x": 167,
        "y": 102,
        "left": 54.84375,
        "top": 34.307144,
        "right": 56.25,
        "bottom": 33.137551,
        "countries": [
            "iran"
        ]
    },
    {
        "x": 168,
        "y": 102,
        "left": 56.25,
        "top": 34.307144,
        "right": 57.65625,
        "bottom": 33.137551,
        "countries": [
            "iran"
        ]
    },
    {
        "x": 169,
        "y": 102,
        "left": 57.65625,
        "top": 34.307144,
        "right": 59.0625,
        "bottom": 33.137551,
        "countries": [
            "iran"
        ]
    },
    {
        "x": 170,
        "y": 102,
        "left": 59.0625,
        "top": 34.307144,
        "right": 60.46875,
        "bottom": 33.137551,
        "countries": [
            "iran"
        ]
    },
    {
        "x": 160,
        "y": 103,
        "left": 45.0,
        "top": 33.137551,
        "right": 46.40625,
        "bottom": 31.952162,
        "countries": [
            "iran",
            "iraq"
        ]
    },
    {
        "x": 161,
        "y": 103,
        "left": 46.40625,
        "top": 33.137551,
        "right": 47.8125,
        "bottom": 31.952162,
        "countries": [
            "iran",
            "iraq"
        ]
    },
    {
        "x": 162,
        "y": 103,
        "left": 47.8125,
        "top": 33.137551,
        "right": 49.21875,
        "bottom": 31.952162,
        "countries": [
            "iran"
        ]
    },
    {
        "x": 163,
        "y": 103,
        "left": 49.21875,
        "top": 33.137551,
        "right": 50.625,
        "bottom": 31.952162,
        "countries": [
            "iran"
        ]
    },
    {
        "x": 164,
        "y": 103,
        "left": 50.625,
        "top": 33.137551,
        "right": 52.03125,
        "bottom": 31.952162,
        "countries": [
            "iran"
        ]
    },
    {
        "x": 165,
        "y": 103,
        "left": 52.03125,
        "top": 33.137551,
        "right": 53.4375,
        "bottom": 31.952162,
        "countries": [
            "iran"
        ]
    },
    {
        "x": 166,
        "y": 103,
        "left": 53.4375,
        "top": 33.137551,
        "right": 54.84375,
        "bottom": 31.952162,
        "countries": [
            "iran"
        ]
    },
    {
        "x": 167,
        "y": 103,
        "left": 54.84375,
        "top": 33.137551,
        "right": 56.25,
        "bottom": 31.952162,
        "countries": [
            "iran"
        ]
    },
    {
        "x": 168,
        "y": 103,
        "left": 56.25,
        "top": 33.137551,
        "right": 57.65625,
        "bottom": 31.952162,
        "countries": [
            "iran"
        ]
    },
    {
        "x": 169,
        "y": 103,
        "left": 57.65625,
        "top": 33.137551,
        "right": 59.0625,
        "bottom": 31.952162,
        "countries": [
            "iran"
        ]
    },
    {
        "x": 170,
        "y": 103,
        "left": 59.0625,
        "top": 33.137551,
        "right": 60.46875,
        "bottom": 31.952162,
        "countries": [
            "iran"
        ]
    },
    {
        "x": 161,
        "y": 104,
        "left": 46.40625,
        "top": 31.952162,
        "right": 47.8125,
        "bottom": 30.751278,
        "countries": [
            "iran",
            "iraq"
        ]
    },
    {
        "x": 162,
        "y": 104,
        "left": 47.8125,
        "top": 31.952162,
        "right": 49.21875,
        "bottom": 30.751278,
        "countries": [
            "iran",
            "iraq"
        ]
    },
    {
        "x": 163,
        "y": 104,
        "left": 49.21875,
        "top": 31.952162,
        "right": 50.625,
        "bottom": 30.751278,
        "countries": [
            "iran"
        ]
    },
    {
        "x": 164,
        "y": 104,
        "left": 50.625,
        "top": 31.952162,
        "right": 52.03125,
        "bottom": 30.751278,
        "countries": [
            "iran"
        ]
    },
    {
        "x": 165,
        "y": 104,
        "left": 52.03125,
        "top": 31.952162,
        "right": 53.4375,
        "bottom": 30.751278,
        "countries": [
            "iran"
        ]
    },
    {
        "x": 166,
        "y": 104,
        "left": 53.4375,
        "top": 31.952162,
        "right": 54.84375,
        "bottom": 30.751278,
        "countries": [
            "iran"
        ]
    },
    {
        "x": 167,
        "y": 104,
        "left": 54.84375,
        "top": 31.952162,
        "right": 56.25,
        "bottom": 30.751278,
        "countries": [
            "iran"
        ]
    },
    {
        "x": 168,
        "y": 104,
        "left": 56.25,
        "top": 31.952162,
        "right": 57.65625,
        "bottom": 30.751278,
        "countries": [
            "iran"
        ]
    },
    {
        "x": 169,
        "y": 104,
        "left": 57.65625,
        "top": 31.952162,
        "right": 59.0625,
        "bottom": 30.751278,
        "countries": [
            "iran"
        ]
    },
    {
        "x": 170,
        "y": 104,
        "left": 59.0625,
        "top": 31.952162,
        "right": 60.46875,
        "bottom": 30.751278,
        "countries": [
            "iran"
        ]
    },
    {
        "x": 162,
        "y": 105,
        "left": 47.8125,
        "top": 30.751278,
        "right": 49.21875,
        "bottom": 29.53523,
        "countries": [
            "iran",
            "iraq",
            "kuwait"
        ]
    },
    {
        "x": 163,
        "y": 105,
        "left": 49.21875,
        "top": 30.751278,
        "right": 50.625,
        "bottom": 29.53523,
        "countries": [
            "iran"
        ]
    },
    {
        "x": 164,
        "y": 105,
        "left": 50.625,
        "top": 30.751278,
        "right": 52.03125,
        "bottom": 29.53523,
        "countries": [
            "iran"
        ]
    },
    {
        "x": 165,
        "y": 105,
        "left": 52.03125,
        "top": 30.751278,
        "right": 53.4375,
        "bottom": 29.53523,
        "countries": [
            "iran"
        ]
    },
    {
        "x": 166,
        "y": 105,
        "left": 53.4375,
        "top": 30.751278,
        "right": 54.84375,
        "bottom": 29.53523,
        "countries": [
            "iran"
        ]
    },
    {
        "x": 167,
        "y": 105,
        "left": 54.84375,
        "top": 30.751278,
        "right": 56.25,
        "bottom": 29.53523,
        "countries": [
            "iran"
        ]
    },
    {
        "x": 168,
        "y": 105,
        "left": 56.25,
        "top": 30.751278,
        "right": 57.65625,
        "bottom": 29.53523,
        "countries": [
            "iran"
        ]
    },
    {
        "x": 169,
        "y": 105,
        "left": 57.65625,
        "top": 30.751278,
        "right": 59.0625,
        "bottom": 29.53523,
        "countries": [
            "iran"
        ]
    },
    {
        "x": 170,
        "y": 105,
        "left": 59.0625,
        "top": 30.751278,
        "right": 60.46875,
        "bottom": 29.53523,
        "countries": [
            "iran"
        ]
    },
    {
        "x": 163,
        "y": 106,
        "left": 49.21875,
        "top": 29.53523,
        "right": 50.625,
        "bottom": 28.304381,
        "countries": [
            "iran"
        ]
    },
    {
        "x": 164,
        "y": 106,
        "left": 50.625,
        "top": 29.53523,
        "right": 52.03125,
        "bottom": 28.304381,
        "countries": [
            "iran"
        ]
    },
    {
        "x": 165,
        "y": 106,
        "left": 52.03125,
        "top": 29.53523,
        "right": 53.4375,
        "bottom": 28.304381,
        "countries": [
            "iran"
        ]
    },
    {
        "x": 166,
        "y": 106,
        "left": 53.4375,
        "top": 29.53523,
        "right": 54.84375,
        "bottom": 28.304381,
        "countries": [
            "iran"
        ]
    },
    {
        "x": 167,
        "y": 106,
        "left": 54.84375,
        "top": 29.53523,
        "right": 56.25,
        "bottom": 28.304381,
        "countries": [
            "iran"
        ]
    },
    {
        "x": 168,
        "y": 106,
        "left": 56.25,
        "top": 29.53523,
        "right": 57.65625,
        "bottom": 28.304381,
        "countries": [
            "iran"
        ]
    },
    {
        "x": 169,
        "y": 106,
        "left": 57.65625,
        "top": 29.53523,
        "right": 59.0625,
        "bottom": 28.304381,
        "countries": [
            "iran"
        ]
    },
    {
        "x": 170,
        "y": 106,
        "left": 59.0625,
        "top": 29.53523,
        "right": 60.46875,
        "bottom": 28.304381,
        "countries": [
            "iran"
        ]
    },
    {
        "x": 171,
        "y": 106,
        "left": 60.46875,
        "top": 29.53523,
        "right": 61.875,
        "bottom": 28.304381,
        "countries": [
            "iran",
            "pakistan"
        ]
    },
    {
        "x": 164,
        "y": 107,
        "left": 50.625,
        "top": 28.304381,
        "right": 52.03125,
        "bottom": 27.059126,
        "countries": [
            "iran"
        ]
    },
    {
        "x": 165,
        "y": 107,
        "left": 52.03125,
        "top": 28.304381,
        "right": 53.4375,
        "bottom": 27.059126,
        "countries": [
            "iran"
        ]
    },
    {
        "x": 166,
        "y": 107,
        "left": 53.4375,
        "top": 28.304381,
        "right": 54.84375,
        "bottom": 27.059126,
        "countries": [
            "iran"
        ]
    },
    {
        "x": 167,
        "y": 107,
        "left": 54.84375,
        "top": 28.304381,
        "right": 56.25,
        "bottom": 27.059126,
        "countries": [
            "iran"
        ]
    },
    {
        "x": 168,
        "y": 107,
        "left": 56.25,
        "top": 28.304381,
        "right": 57.65625,
        "bottom": 27.059126,
        "countries": [
            "iran"
        ]
    },
    {
        "x": 169,
        "y": 107,
        "left": 57.65625,
        "top": 28.304381,
        "right": 59.0625,
        "bottom": 27.059126,
        "countries": [
            "iran"
        ]
    },
    {
        "x": 170,
        "y": 107,
        "left": 59.0625,
        "top": 28.304381,
        "right": 60.46875,
        "bottom": 27.059126,
        "countries": [
            "iran"
        ]
    },
    {
        "x": 171,
        "y": 107,
        "left": 60.46875,
        "top": 28.304381,
        "right": 61.875,
        "bottom": 27.059126,
        "countries": [
            "iran"
        ]
    },
    {
        "x": 172,
        "y": 107,
        "left": 61.875,
        "top": 28.304381,
        "right": 63.28125,
        "bottom": 27.059126,
        "countries": [
            "iran",
            "pakistan"
        ]
    },
    {
        "x": 173,
        "y": 107,
        "left": 63.28125,
        "top": 28.304381,
        "right": 64.6875,
        "bottom": 27.059126,
        "countries": [
            "iran",
            "pakistan"
        ]
    },
    {
        "x": 165,
        "y": 108,
        "left": 52.03125,
        "top": 27.059126,
        "right": 53.4375,
        "bottom": 25.799891,
        "countries": [
            "iran"
        ]
    },
    {
        "x": 166,
        "y": 108,
        "left": 53.4375,
        "top": 27.059126,
        "right": 54.84375,
        "bottom": 25.799891,
        "countries": [
            "iran"
        ]
    },
    {
        "x": 167,
        "y": 108,
        "left": 54.84375,
        "top": 27.059126,
        "right": 56.25,
        "bottom": 25.799891,
        "countries": [
            "iran",
            "oman",
            "united_arab_emirates"
        ]
    },
    {
        "x": 168,
        "y": 108,
        "left": 56.25,
        "top": 27.059126,
        "right": 57.65625,
        "bottom": 25.799891,
        "countries": [
            "iran",
            "oman"
        ]
    },
    {
        "x": 169,
        "y": 108,
        "left": 57.65625,
        "top": 27.059126,
        "right": 59.0625,
        "bottom": 25.799891,
        "countries": [
            "iran"
        ]
    },
    {
        "x": 170,
        "y": 108,
        "left": 59.0625,
        "top": 27.059126,
        "right": 60.46875,
        "bottom": 25.799891,
        "countries": [
            "iran"
        ]
    },
    {
        "x": 171,
        "y": 108,
        "left": 60.46875,
        "top": 27.059126,
        "right": 61.875,
        "bottom": 25.799891,
        "countries": [
            "iran",
            "pakistan"
        ]
    },
    {
        "x": 172,
        "y": 108,
        "left": 61.875,
        "top": 27.059126,
        "right": 63.28125,
        "bottom": 25.799891,
        "countries": [
            "iran",
            "pakistan"
        ]
    },
    {
        "x": 173,
        "y": 108,
        "left": 63.28125,
        "top": 27.059126,
        "right": 64.6875,
        "bottom": 25.799891,
        "countries": [
            "iran",
            "pakistan"
        ]
    },
    {
        "x": 168,
        "y": 109,
        "left": 56.25,
        "top": 25.799891,
        "right": 57.65625,
        "bottom": 24.527135,
        "countries": [
            "iran",
            "oman",
            "united_arab_emirates"
        ]
    },
    {
        "x": 169,
        "y": 109,
        "left": 57.65625,
        "top": 25.799891,
        "right": 59.0625,
        "bottom": 24.527135,
        "countries": [
            "iran"
        ]
    },
    {
        "x": 170,
        "y": 109,
        "left": 59.0625,
        "top": 25.799891,
        "right": 60.46875,
        "bottom": 24.527135,
        "countries": [
            "iran"
        ]
    },
    {
        "x": 171,
        "y": 109,
        "left": 60.46875,
        "top": 25.799891,
        "right": 61.875,
        "bottom": 24.527135,
        "countries": [
            "iran",
            "pakistan"
        ]
    }
]