[
    {
        "x": 152,
        "y": 104,
        "left": 33.75,
        "top": 31.952162,
        "right": 35.15625,
        "bottom": 30.751278,
        "countries": [
            "egypt",
            "israel",
            "palestina"
        ]
    },
    {
        "x": 152,
        "y": 105,
        "left": 33.75,
        "top": 30.751278,
        "right": 35.15625,
        "bottom": 29.53523,
        "countries": [
            "jordan",
            "egypt",
            "israel"
        ]
    },
    {
        "x": 152,
        "y": 106,
        "left": 33.75,
        "top": 29.53523,
        "right": 35.15625,
        "bottom": 28.304381,
        "countries": [
            "saudi_arabia",
            "jordan",
            "egypt",
            "israel"
        ]
    },
    {
        "x": 153,
        "y": 102,
        "left": 35.15625,
        "top": 34.307144,
        "right": 36.5625,
        "bottom": 33.137551,
        "countries": [
            "lebanon",
            "syria",
            "israel"
        ]
    },
    {
        "x": 152,
        "y": 103,
        "left": 33.75,
        "top": 33.137551,
        "right": 35.15625,
        "bottom": 31.952162,
        "countries": [
            "lebanon",
            "israel",
            "palestina"
        ]
    },
    {
        "x": 153,
        "y": 103,
        "left": 35.15625,
        "top": 33.137551,
        "right": 36.5625,
        "bottom": 31.952162,
        "countries": [
            "lebanon",
            "syria",
            "jordan",
            "israel",
            "palestina"
        ]
    },
    {
        "x": 153,
        "y": 104,
        "left": 35.15625,
        "top": 31.952162,
        "right": 36.5625,
        "bottom": 30.751278,
        "countries": [
            "jordan",
            "israel",
            "palestina"
        ]
    },
    {
        "x": 153,
        "y": 105,
        "left": 35.15625,
        "top": 30.751278,
        "right": 36.5625,
        "bottom": 29.53523,
        "countries": [
            "saudi_arabia",
            "jordan",
            "israel"
        ]
    },
    {
        "x": 158,
        "y": 115,
        "left": 42.1875,
        "top": 17.978733,
        "right": 43.59375,
        "bottom": 16.636192,
        "countries": [
            "saudi_arabia",
            "israel",
            "yemen"
        ]
    }
]