[
    {
        "x": 225,
        "y": 98,
        "left": 136.40625,
        "top": 38.822591,
        "right": 137.8125,
        "bottom": 37.71859,
        "countries": [
            "japan"
        ]
    },
    {
        "x": 226,
        "y": 98,
        "left": 137.8125,
        "top": 38.822591,
        "right": 139.21875,
        "bottom": 37.71859,
        "countries": [
            "japan"
        ]
    },
    {
        "x": 227,
        "y": 98,
        "left": 139.21875,
        "top": 38.822591,
        "right": 140.625,
        "bottom": 37.71859,
        "countries": [
            "japan"
        ]
    },
    {
        "x": 225,
        "y": 99,
        "left": 136.40625,
        "top": 37.71859,
        "right": 137.8125,
        "bottom": 36.597889,
        "countries": [
            "japan"
        ]
    },
    {
        "x": 226,
        "y": 99,
        "left": 137.8125,
        "top": 37.71859,
        "right": 139.21875,
        "bottom": 36.597889,
        "countries": [
            "japan"
        ]
    },
    {
        "x": 227,
        "y": 99,
        "left": 139.21875,
        "top": 37.71859,
        "right": 140.625,
        "bottom": 36.597889,
        "countries": [
            "japan"
        ]
    },
    {
        "x": 224,
        "y": 100,
        "left": 135.0,
        "top": 36.597889,
        "right": 136.40625,
        "bottom": 35.46067,
        "countries": [
            "japan"
        ]
    },
    {
        "x": 225,
        "y": 100,
        "left": 136.40625,
        "top": 36.597889,
        "right": 137.8125,
        "bottom": 35.46067,
        "countries": [
            "japan"
        ]
    },
    {
        "x": 226,
        "y": 100,
        "left": 137.8125,
        "top": 36.597889,
        "right": 139.21875,
        "bottom": 35.46067,
        "countries": [
            "japan"
        ]
    },
    {
        "x": 224,
        "y": 101,
        "left": 135.0,
        "top": 35.46067,
        "right": 136.40625,
        "bottom": 34.307144,
        "countries": [
            "japan"
        ]
    },
    {
        "x": 225,
        "y": 101,
        "left": 136.40625,
        "top": 35.46067,
        "right": 137.8125,
        "bottom": 34.307144,
        "countries": [
            "japan"
        ]
    },
    {
        "x": 226,
        "y": 101,
        "left": 137.8125,
        "top": 35.46067,
        "right": 139.21875,
        "bottom": 34.307144,
        "countries": [
            "japan"
        ]
    },
    {
        "x": 222,
        "y": 100,
        "left": 132.1875,
        "top": 36.597889,
        "right": 133.59375,
        "bottom": 35.46067,
        "countries": [
            "japan"
        ]
    },
    {
        "x": 223,
        "y": 100,
        "left": 133.59375,
        "top": 36.597889,
        "right": 135.0,
        "bottom": 35.46067,
        "countries": [
            "japan"
        ]
    },
    {
        "x": 221,
        "y": 101,
        "left": 130.78125,
        "top": 35.46067,
        "right": 132.1875,
        "bottom": 34.307144,
        "countries": [
            "japan"
        ]
    },
    {
        "x": 222,
        "y": 101,
        "left": 132.1875,
        "top": 35.46067,
        "right": 133.59375,
        "bottom": 34.307144,
        "countries": [
            "japan"
        ]
    },
    {
        "x": 223,
        "y": 101,
        "left": 133.59375,
        "top": 35.46067,
        "right": 135.0,
        "bottom": 34.307144,
        "countries": [
            "japan"
        ]
    },
    {
        "x": 220,
        "y": 102,
        "left": 129.375,
        "top": 34.307144,
        "right": 130.78125,
        "bottom": 33.137551,
        "countries": [
            "japan"
        ]
    },
    {
        "x": 221,
        "y": 102,
        "left": 130.78125,
        "top": 34.307144,
        "right": 132.1875,
        "bottom": 33.137551,
        "countries": [
            "japan"
        ]
    },
    {
        "x": 222,
        "y": 102,
        "left": 132.1875,
        "top": 34.307144,
        "right": 133.59375,
        "bottom": 33.137551,
        "countries": [
            "japan"
        ]
    },
    {
        "x": 228,
        "y": 91,
        "left": 140.625,
        "top": 46.073231,
        "right": 142.03125,
        "bottom": 45.089036,
        "countries": [
            "japan",
            "russia"
        ]
    },
    {
        "x": 229,
        "y": 91,
        "left": 142.03125,
        "top": 46.073231,
        "right": 143.4375,
        "bottom": 45.089036,
        "countries": [
            "japan",
            "russia"
        ]
    },
    {
        "x": 228,
        "y": 92,
        "left": 140.625,
        "top": 45.089036,
        "right": 142.03125,
        "bottom": 44.087585,
        "countries": [
            "japan"
        ]
    },
    {
        "x": 229,
        "y": 92,
        "left": 142.03125,
        "top": 45.089036,
        "right": 143.4375,
        "bottom": 44.087585,
        "countries": [
            "japan"
        ]
    },
    {
        "x": 230,
        "y": 92,
        "left": 143.4375,
        "top": 45.089036,
        "right": 144.84375,
        "bottom": 44.087585,
        "countries": [
            "japan"
        ]
    },
    {
        "x": 231,
        "y": 92,
        "left": 144.84375,
        "top": 45.089036,
        "right": 146.25,
        "bottom": 44.087585,
        "countries": [
            "japan",
            "russia"
        ]
    },
    {
        "x": 227,
        "y": 93,
        "left": 139.21875,
        "top": 44.087585,
        "right": 140.625,
        "bottom": 43.068888,
        "countries": [
            "japan"
        ]
    },
    {
        "x": 228,
        "y": 93,
        "left": 140.625,
        "top": 44.087585,
        "right": 142.03125,
        "bottom": 43.068888,
        "countries": [
            "japan"
        ]
    },
    {
        "x": 229,
        "y": 93,
        "left": 142.03125,
        "top": 44.087585,
        "right": 143.4375,
        "bottom": 43.068888,
        "countries": [
            "japan"
        ]
    },
    {
        "x": 230,
        "y": 93,
        "left": 143.4375,
        "top": 44.087585,
        "right": 144.84375,
        "bottom": 43.068888,
        "countries": [
            "japan"
        ]
    },
    {
        "x": 231,
        "y": 93,
        "left": 144.84375,
        "top": 44.087585,
        "right": 146.25,
        "bottom": 43.068888,
        "countries": [
            "japan",
            "russia"
        ]
    },
    {
        "x": 227,
        "y": 94,
        "left": 139.21875,
        "top": 43.068888,
        "right": 140.625,
        "bottom": 42.032974,
        "countries": [
            "japan"
        ]
    },
    {
        "x": 228,
        "y": 94,
        "left": 140.625,
        "top": 43.068888,
        "right": 142.03125,
        "bottom": 42.032974,
        "countries": [
            "japan"
        ]
    },
    {
        "x": 229,
        "y": 94,
        "left": 142.03125,
        "top": 43.068888,
        "right": 143.4375,
        "bottom": 42.032974,
        "countries": [
            "japan"
        ]
    },
    {
        "x": 230,
        "y": 94,
        "left": 143.4375,
        "top": 43.068888,
        "right": 144.84375,
        "bottom": 42.032974,
        "countries": [
            "japan"
        ]
    },
    {
        "x": 231,
        "y": 94,
        "left": 144.84375,
        "top": 43.068888,
        "right": 146.25,
        "bottom": 42.032974,
        "countries": [
            "japan"
        ]
    },
    {
        "x": 227,
        "y": 95,
        "left": 139.21875,
        "top": 42.032974,
        "right": 140.625,
        "bottom": 40.979898,
        "countries": [
            "japan"
        ]
    },
    {
        "x": 228,
        "y": 95,
        "left": 140.625,
        "top": 42.032974,
        "right": 142.03125,
        "bottom": 40.979898,
        "countries": [
            "japan"
        ]
    },
    {
        "x": 229,
        "y": 95,
        "left": 142.03125,
        "top": 42.032974,
        "right": 143.4375,
        "bottom": 40.979898,
        "countries": [
            "japan"
        ]
    },
    {
        "x": 228,
        "y": 99,
        "left": 140.625,
        "top": 37.71859,
        "right": 142.03125,
        "bottom": 36.597889,
        "countries": [
            "japan"
        ]
    },
    {
        "x": 227,
        "y": 100,
        "left": 139.21875,
        "top": 36.597889,
        "right": 140.625,
        "bottom": 35.46067,
        "countries": [
            "japan"
        ]
    },
    {
        "x": 228,
        "y": 100,
        "left": 140.625,
        "top": 36.597889,
        "right": 142.03125,
        "bottom": 35.46067,
        "countries": [
            "japan"
        ]
    },
    {
        "x": 227,
        "y": 101,
        "left": 139.21875,
        "top": 35.46067,
        "right": 140.625,
        "bottom": 34.307144,
        "countries": [
            "japan"
        ]
    },
    {
        "x": 226,
        "y": 102,
        "left": 137.8125,
        "top": 34.307144,
        "right": 139.21875,
        "bottom": 33.137551,
        "countries": [
            "japan"
        ]
    },
    {
        "x": 227,
        "y": 102,
        "left": 139.21875,
        "top": 34.307144,
        "right": 140.625,
        "bottom": 33.137551,
        "countries": [
            "japan"
        ]
    },
    {
        "x": 227,
        "y": 103,
        "left": 139.21875,
        "top": 33.137551,
        "right": 140.625,
        "bottom": 31.952162,
        "countries": [
            "japan"
        ]
    },
    {
        "x": 227,
        "y": 104,
        "left": 139.21875,
        "top": 31.952162,
        "right": 140.625,
        "bottom": 30.751278,
        "countries": [
            "japan"
        ]
    },
    {
        "x": 227,
        "y": 105,
        "left": 139.21875,
        "top": 30.751278,
        "right": 140.625,
        "bottom": 29.53523,
        "countries": [
            "japan"
        ]
    },
    {
        "x": 228,
        "y": 107,
        "left": 140.625,
        "top": 28.304381,
        "right": 142.03125,
        "bottom": 27.059126,
        "countries": [
            "japan"
        ]
    },
    {
        "x": 229,
        "y": 107,
        "left": 142.03125,
        "top": 28.304381,
        "right": 143.4375,
        "bottom": 27.059126,
        "countries": [
            "japan"
        ]
    },
    {
        "x": 229,
        "y": 108,
        "left": 142.03125,
        "top": 27.059126,
        "right": 143.4375,
        "bottom": 25.799891,
        "countries": [
            "japan"
        ]
    },
    {
        "x": 228,
        "y": 109,
        "left": 140.625,
        "top": 25.799891,
        "right": 142.03125,
        "bottom": 24.527135,
        "countries": [
            "japan"
        ]
    },
    {
        "x": 228,
        "y": 110,
        "left": 140.625,
        "top": 24.527135,
        "right": 142.03125,
        "bottom": 23.241346,
        "countries": [
            "japan"
        ]
    },
    {
        "x": 237,
        "y": 110,
        "left": 153.28125,
        "top": 24.527135,
        "right": 154.6875,
        "bottom": 23.241346,
        "countries": [
            "japan"
        ]
    },
    {
        "x": 224,
        "y": 113,
        "left": 135.0,
        "top": 20.632784,
        "right": 136.40625,
        "bottom": 19.311143,
        "countries": [
            "japan"
        ]
    },
    {
        "x": 223,
        "y": 102,
        "left": 133.59375,
        "top": 34.307144,
        "right": 135.0,
        "bottom": 33.137551,
        "countries": [
            "japan"
        ]
    },
    {
        "x": 224,
        "y": 102,
        "left": 135.0,
        "top": 34.307144,
        "right": 136.40625,
        "bottom": 33.137551,
        "countries": [
            "japan"
        ]
    },
    {
        "x": 225,
        "y": 102,
        "left": 136.40625,
        "top": 34.307144,
        "right": 137.8125,
        "bottom": 33.137551,
        "countries": [
            "japan"
        ]
    },
    {
        "x": 219,
        "y": 101,
        "left": 127.96875,
        "top": 35.46067,
        "right": 129.375,
        "bottom": 34.307144,
        "countries": [
            "japan",
            "south_korea"
        ]
    },
    {
        "x": 220,
        "y": 101,
        "left": 129.375,
        "top": 35.46067,
        "right": 130.78125,
        "bottom": 34.307144,
        "countries": [
            "japan"
        ]
    },
    {
        "x": 219,
        "y": 102,
        "left": 127.96875,
        "top": 34.307144,
        "right": 129.375,
        "bottom": 33.137551,
        "countries": [
            "japan"
        ]
    },
    {
        "x": 219,
        "y": 103,
        "left": 127.96875,
        "top": 33.137551,
        "right": 129.375,
        "bottom": 31.952162,
        "countries": [
            "japan"
        ]
    },
    {
        "x": 220,
        "y": 103,
        "left": 129.375,
        "top": 33.137551,
        "right": 130.78125,
        "bottom": 31.952162,
        "countries": [
            "japan"
        ]
    },
    {
        "x": 221,
        "y": 103,
        "left": 130.78125,
        "top": 33.137551,
        "right": 132.1875,
        "bottom": 31.952162,
        "countries": [
            "japan"
        ]
    },
    {
        "x": 220,
        "y": 104,
        "left": 129.375,
        "top": 31.952162,
        "right": 130.78125,
        "bottom": 30.751278,
        "countries": [
            "japan"
        ]
    },
    {
        "x": 221,
        "y": 104,
        "left": 130.78125,
        "top": 31.952162,
        "right": 132.1875,
        "bottom": 30.751278,
        "countries": [
            "japan"
        ]
    },
    {
        "x": 220,
        "y": 105,
        "left": 129.375,
        "top": 30.751278,
        "right": 130.78125,
        "bottom": 29.53523,
        "countries": [
            "japan"
        ]
    },
    {
        "x": 221,
        "y": 105,
        "left": 130.78125,
        "top": 30.751278,
        "right": 132.1875,
        "bottom": 29.53523,
        "countries": [
            "japan"
        ]
    },
    {
        "x": 219,
        "y": 106,
        "left": 127.96875,
        "top": 29.53523,
        "right": 129.375,
        "bottom": 28.304381,
        "countries": [
            "japan"
        ]
    },
    {
        "x": 220,
        "y": 106,
        "left": 129.375,
        "top": 29.53523,
        "right": 130.78125,
        "bottom": 28.304381,
        "countries": [
            "japan"
        ]
    },
    {
        "x": 218,
        "y": 107,
        "left": 126.5625,
        "top": 28.304381,
        "right": 127.96875,
        "bottom": 27.059126,
        "countries": [
            "japan"
        ]
    },
    {
        "x": 219,
        "y": 107,
        "left": 127.96875,
        "top": 28.304381,
        "right": 129.375,
        "bottom": 27.059126,
        "countries": [
            "japan"
        ]
    },
    {
        "x": 220,
        "y": 107,
        "left": 129.375,
        "top": 28.304381,
        "right": 130.78125,
        "bottom": 27.059126,
        "countries": [
            "japan"
        ]
    },
    {
        "x": 218,
        "y": 108,
        "left": 126.5625,
        "top": 27.059126,
        "right": 127.96875,
        "bottom": 25.799891,
        "countries": [
            "japan"
        ]
    },
    {
        "x": 219,
        "y": 108,
        "left": 127.96875,
        "top": 27.059126,
        "right": 129.375,
        "bottom": 25.799891,
        "countries": [
            "japan"
        ]
    },
    {
        "x": 221,
        "y": 108,
        "left": 130.78125,
        "top": 27.059126,
        "right": 132.1875,
        "bottom": 25.799891,
        "countries": [
            "japan"
        ]
    },
    {
        "x": 216,
        "y": 109,
        "left": 123.75,
        "top": 25.799891,
        "right": 125.15625,
        "bottom": 24.527135,
        "countries": [
            "japan"
        ]
    },
    {
        "x": 217,
        "y": 109,
        "left": 125.15625,
        "top": 25.799891,
        "right": 126.5625,
        "bottom": 24.527135,
        "countries": [
            "japan"
        ]
    },
    {
        "x": 215,
        "y": 110,
        "left": 122.34375,
        "top": 24.527135,
        "right": 123.75,
        "bottom": 23.241346,
        "countries": [
            "japan"
        ]
    },
    {
        "x": 216,
        "y": 110,
        "left": 123.75,
        "top": 24.527135,
        "right": 125.15625,
        "bottom": 23.241346,
        "countries": [
            "japan"
        ]
    },
    {
        "x": 221,
        "y": 110,
        "left": 130.78125,
        "top": 24.527135,
        "right": 132.1875,
        "bottom": 23.241346,
        "countries": [
            "japan"
        ]
    },
    {
        "x": 222,
        "y": 103,
        "left": 132.1875,
        "top": 33.137551,
        "right": 133.59375,
        "bottom": 31.952162,
        "countries": [
            "japan"
        ]
    },
    {
        "x": 227,
        "y": 96,
        "left": 139.21875,
        "top": 40.979898,
        "right": 140.625,
        "bottom": 39.909736,
        "countries": [
            "japan"
        ]
    },
    {
        "x": 228,
        "y": 96,
        "left": 140.625,
        "top": 40.979898,
        "right": 142.03125,
        "bottom": 39.909736,
        "countries": [
            "japan"
        ]
    },
    {
        "x": 227,
        "y": 97,
        "left": 139.21875,
        "top": 39.909736,
        "right": 140.625,
        "bottom": 38.822591,
        "countries": [
            "japan"
        ]
    },
    {
        "x": 228,
        "y": 97,
        "left": 140.625,
        "top": 39.909736,
        "right": 142.03125,
        "bottom": 38.822591,
        "countries": [
            "japan"
        ]
    },
    {
        "x": 229,
        "y": 97,
        "left": 142.03125,
        "top": 39.909736,
        "right": 143.4375,
        "bottom": 38.822591,
        "countries": [
            "japan"
        ]
    },
    {
        "x": 228,
        "y": 98,
        "left": 140.625,
        "top": 38.822591,
        "right": 142.03125,
        "bottom": 37.71859,
        "countries": [
            "japan"
        ]
    }
]