[
    {
        "x": 152,
        "y": 105,
        "left": 33.75,
        "top": 30.751278,
        "right": 35.15625,
        "bottom": 29.53523,
        "countries": [
            "jordan",
            "egypt",
            "israel"
        ]
    },
    {
        "x": 152,
        "y": 106,
        "left": 33.75,
        "top": 29.53523,
        "right": 35.15625,
        "bottom": 28.304381,
        "countries": [
            "saudi_arabia",
            "jordan",
            "egypt",
            "israel"
        ]
    },
    {
        "x": 155,
        "y": 102,
        "left": 37.96875,
        "top": 34.307144,
        "right": 39.375,
        "bottom": 33.137551,
        "countries": [
            "jordan",
            "syria",
            "iraq"
        ]
    },
    {
        "x": 155,
        "y": 103,
        "left": 37.96875,
        "top": 33.137551,
        "right": 39.375,
        "bottom": 31.952162,
        "countries": [
            "saudi_arabia",
            "jordan",
            "syria",
            "iraq"
        ]
    },
    {
        "x": 153,
        "y": 103,
        "left": 35.15625,
        "top": 33.137551,
        "right": 36.5625,
        "bottom": 31.952162,
        "countries": [
            "lebanon",
            "syria",
            "jordan",
            "israel",
            "palestina"
        ]
    },
    {
        "x": 153,
        "y": 104,
        "left": 35.15625,
        "top": 31.952162,
        "right": 36.5625,
        "bottom": 30.751278,
        "countries": [
            "jordan",
            "israel",
            "palestina"
        ]
    },
    {
        "x": 153,
        "y": 105,
        "left": 35.15625,
        "top": 30.751278,
        "right": 36.5625,
        "bottom": 29.53523,
        "countries": [
            "saudi_arabia",
            "jordan",
            "israel"
        ]
    },
    {
        "x": 154,
        "y": 103,
        "left": 36.5625,
        "top": 33.137551,
        "right": 37.96875,
        "bottom": 31.952162,
        "countries": [
            "jordan",
            "syria"
        ]
    },
    {
        "x": 154,
        "y": 104,
        "left": 36.5625,
        "top": 31.952162,
        "right": 37.96875,
        "bottom": 30.751278,
        "countries": [
            "saudi_arabia",
            "jordan"
        ]
    },
    {
        "x": 155,
        "y": 104,
        "left": 37.96875,
        "top": 31.952162,
        "right": 39.375,
        "bottom": 30.751278,
        "countries": [
            "saudi_arabia",
            "jordan"
        ]
    },
    {
        "x": 154,
        "y": 105,
        "left": 36.5625,
        "top": 30.751278,
        "right": 37.96875,
        "bottom": 29.53523,
        "countries": [
            "saudi_arabia",
            "jordan"
        ]
    },
    {
        "x": 155,
        "y": 105,
        "left": 37.96875,
        "top": 30.751278,
        "right": 39.375,
        "bottom": 29.53523,
        "countries": [
            "saudi_arabia",
            "jordan"
        ]
    },
    {
        "x": 153,
        "y": 106,
        "left": 35.15625,
        "top": 29.53523,
        "right": 36.5625,
        "bottom": 28.304381,
        "countries": [
            "saudi_arabia",
            "jordan"
        ]
    }
]