[
    {
        "x": 153,
        "y": 102,
        "left": 35.15625,
        "top": 34.307144,
        "right": 36.5625,
        "bottom": 33.137551,
        "countries": [
            "lebanon",
            "syria",
            "israel"
        ]
    },
    {
        "x": 152,
        "y": 103,
        "left": 33.75,
        "top": 33.137551,
        "right": 35.15625,
        "bottom": 31.952162,
        "countries": [
            "lebanon",
            "israel",
            "palestina"
        ]
    },
    {
        "x": 153,
        "y": 103,
        "left": 35.15625,
        "top": 33.137551,
        "right": 36.5625,
        "bottom": 31.952162,
        "countries": [
            "lebanon",
            "syria",
            "jordan",
            "israel",
            "palestina"
        ]
    },
    {
        "x": 153,
        "y": 101,
        "left": 35.15625,
        "top": 35.46067,
        "right": 36.5625,
        "bottom": 34.307144,
        "countries": [
            "lebanon",
            "syria"
        ]
    },
    {
        "x": 154,
        "y": 101,
        "left": 36.5625,
        "top": 35.46067,
        "right": 37.96875,
        "bottom": 34.307144,
        "countries": [
            "lebanon",
            "syria"
        ]
    },
    {
        "x": 154,
        "y": 102,
        "left": 36.5625,
        "top": 34.307144,
        "right": 37.96875,
        "bottom": 33.137551,
        "countries": [
            "lebanon",
            "syria"
        ]
    }
]