[
    {
        "x": 152,
        "y": 104,
        "left": 33.75,
        "top": 31.952162,
        "right": 35.15625,
        "bottom": 30.751278,
        "countries": [
            "egypt",
            "israel",
            "palestina"
        ]
    },
    {
        "x": 152,
        "y": 103,
        "left": 33.75,
        "top": 33.137551,
        "right": 35.15625,
        "bottom": 31.952162,
        "countries": [
            "lebanon",
            "israel",
            "palestina"
        ]
    },
    {
        "x": 153,
        "y": 103,
        "left": 35.15625,
        "top": 33.137551,
        "right": 36.5625,
        "bottom": 31.952162,
        "countries": [
            "lebanon",
            "syria",
            "jordan",
            "israel",
            "palestina"
        ]
    },
    {
        "x": 153,
        "y": 104,
        "left": 35.15625,
        "top": 31.952162,
        "right": 36.5625,
        "bottom": 30.751278,
        "countries": [
            "jordan",
            "israel",
            "palestina"
        ]
    }
]