[
    {
        "x": 219,
        "y": 101,
        "left": 127.96875,
        "top": 35.46067,
        "right": 129.375,
        "bottom": 34.307144,
        "countries": [
            "japan",
            "south_korea"
        ]
    },
    {
        "x": 216,
        "y": 98,
        "left": 123.75,
        "top": 38.822591,
        "right": 125.15625,
        "bottom": 37.71859,
        "countries": [
            "north_korea",
            "south_korea"
        ]
    },
    {
        "x": 217,
        "y": 98,
        "left": 125.15625,
        "top": 38.822591,
        "right": 126.5625,
        "bottom": 37.71859,
        "countries": [
            "north_korea",
            "south_korea"
        ]
    },
    {
        "x": 218,
        "y": 98,
        "left": 126.5625,
        "top": 38.822591,
        "right": 127.96875,
        "bottom": 37.71859,
        "countries": [
            "north_korea",
            "south_korea"
        ]
    },
    {
        "x": 219,
        "y": 98,
        "left": 127.96875,
        "top": 38.822591,
        "right": 129.375,
        "bottom": 37.71859,
        "countries": [
            "north_korea",
            "south_korea"
        ]
    },
    {
        "x": 217,
        "y": 99,
        "left": 125.15625,
        "top": 37.71859,
        "right": 126.5625,
        "bottom": 36.597889,
        "countries": [
            "north_korea",
            "south_korea"
        ]
    },
    {
        "x": 218,
        "y": 99,
        "left": 126.5625,
        "top": 37.71859,
        "right": 127.96875,
        "bottom": 36.597889,
        "countries": [
            "south_korea"
        ]
    },
    {
        "x": 219,
        "y": 99,
        "left": 127.96875,
        "top": 37.71859,
        "right": 129.375,
        "bottom": 36.597889,
        "countries": [
            "south_korea"
        ]
    },
    {
        "x": 220,
        "y": 99,
        "left": 129.375,
        "top": 37.71859,
        "right": 130.78125,
        "bottom": 36.597889,
        "countries": [
            "south_korea"
        ]
    },
    {
        "x": 221,
        "y": 99,
        "left": 130.78125,
        "top": 37.71859,
        "right": 132.1875,
        "bottom": 36.597889,
        "countries": [
            "south_korea"
        ]
    },
    {
        "x": 217,
        "y": 100,
        "left": 125.15625,
        "top": 36.597889,
        "right": 126.5625,
        "bottom": 35.46067,
        "countries": [
            "south_korea"
        ]
    },
    {
        "x": 218,
        "y": 100,
        "left": 126.5625,
        "top": 36.597889,
        "right": 127.96875,
        "bottom": 35.46067,
        "countries": [
            "south_korea"
        ]
    },
    {
        "x": 219,
        "y": 100,
        "left": 127.96875,
        "top": 36.597889,
        "right": 129.375,
        "bottom": 35.46067,
        "countries": [
            "south_korea"
        ]
    },
    {
        "x": 220,
        "y": 100,
        "left": 129.375,
        "top": 36.597889,
        "right": 130.78125,
        "bottom": 35.46067,
        "countries": [
            "south_korea"
        ]
    },
    {
        "x": 217,
        "y": 101,
        "left": 125.15625,
        "top": 35.46067,
        "right": 126.5625,
        "bottom": 34.307144,
        "countries": [
            "south_korea"
        ]
    },
    {
        "x": 218,
        "y": 101,
        "left": 126.5625,
        "top": 35.46067,
        "right": 127.96875,
        "bottom": 34.307144,
        "countries": [
            "south_korea"
        ]
    },
    {
        "x": 216,
        "y": 102,
        "left": 123.75,
        "top": 34.307144,
        "right": 125.15625,
        "bottom": 33.137551,
        "countries": [
            "south_korea"
        ]
    },
    {
        "x": 217,
        "y": 102,
        "left": 125.15625,
        "top": 34.307144,
        "right": 126.5625,
        "bottom": 33.137551,
        "countries": [
            "south_korea"
        ]
    },
    {
        "x": 218,
        "y": 102,
        "left": 126.5625,
        "top": 34.307144,
        "right": 127.96875,
        "bottom": 33.137551,
        "countries": [
            "south_korea"
        ]
    },
    {
        "x": 217,
        "y": 103,
        "left": 125.15625,
        "top": 33.137551,
        "right": 126.5625,
        "bottom": 31.952162,
        "countries": [
            "south_korea"
        ]
    }
]