[
    {
        "x": 213,
        "y": 108,
        "left": 119.53125,
        "top": 27.059126,
        "right": 120.9375,
        "bottom": 25.799891,
        "countries": [
            "taiwan",
            "china"
        ]
    },
    {
        "x": 212,
        "y": 109,
        "left": 118.125,
        "top": 25.799891,
        "right": 119.53125,
        "bottom": 24.527135,
        "countries": [
            "taiwan",
            "china"
        ]
    },
    {
        "x": 213,
        "y": 109,
        "left": 119.53125,
        "top": 25.799891,
        "right": 120.9375,
        "bottom": 24.527135,
        "countries": [
            "taiwan",
            "china"
        ]
    },
    {
        "x": 212,
        "y": 110,
        "left": 118.125,
        "top": 24.527135,
        "right": 119.53125,
        "bottom": 23.241346,
        "countries": [
            "taiwan",
            "china"
        ]
    },
    {
        "x": 214,
        "y": 109,
        "left": 120.9375,
        "top": 25.799891,
        "right": 122.34375,
        "bottom": 24.527135,
        "countries": [
            "taiwan"
        ]
    },
    {
        "x": 213,
        "y": 110,
        "left": 119.53125,
        "top": 24.527135,
        "right": 120.9375,
        "bottom": 23.241346,
        "countries": [
            "taiwan"
        ]
    },
    {
        "x": 214,
        "y": 110,
        "left": 120.9375,
        "top": 24.527135,
        "right": 122.34375,
        "bottom": 23.241346,
        "countries": [
            "taiwan"
        ]
    },
    {
        "x": 212,
        "y": 111,
        "left": 118.125,
        "top": 23.241346,
        "right": 119.53125,
        "bottom": 21.943046,
        "countries": [
            "taiwan"
        ]
    },
    {
        "x": 213,
        "y": 111,
        "left": 119.53125,
        "top": 23.241346,
        "right": 120.9375,
        "bottom": 21.943046,
        "countries": [
            "taiwan"
        ]
    },
    {
        "x": 214,
        "y": 111,
        "left": 120.9375,
        "top": 23.241346,
        "right": 122.34375,
        "bottom": 21.943046,
        "countries": [
            "taiwan"
        ]
    },
    {
        "x": 210,
        "y": 112,
        "left": 115.3125,
        "top": 21.943046,
        "right": 116.71875,
        "bottom": 20.632784,
        "countries": [
            "taiwan"
        ]
    },
    {
        "x": 211,
        "y": 112,
        "left": 116.71875,
        "top": 21.943046,
        "right": 118.125,
        "bottom": 20.632784,
        "countries": [
            "taiwan"
        ]
    },
    {
        "x": 213,
        "y": 112,
        "left": 119.53125,
        "top": 21.943046,
        "right": 120.9375,
        "bottom": 20.632784,
        "countries": [
            "taiwan"
        ]
    }
]