[
    {
        "x": 138,
        "y": 87,
        "left": 14.0625,
        "top": 49.837982,
        "right": 15.46875,
        "bottom": 48.922499,
        "countries": [
            "czech_republic",
            "austria"
        ]
    },
    {
        "x": 139,
        "y": 87,
        "left": 15.46875,
        "top": 49.837982,
        "right": 16.875,
        "bottom": 48.922499,
        "countries": [
            "czech_republic",
            "austria"
        ]
    },
    {
        "x": 137,
        "y": 88,
        "left": 12.65625,
        "top": 48.922499,
        "right": 14.0625,
        "bottom": 47.989922,
        "countries": [
            "czech_republic",
            "germany",
            "austria"
        ]
    },
    {
        "x": 138,
        "y": 88,
        "left": 14.0625,
        "top": 48.922499,
        "right": 15.46875,
        "bottom": 47.989922,
        "countries": [
            "czech_republic",
            "austria"
        ]
    },
    {
        "x": 139,
        "y": 88,
        "left": 15.46875,
        "top": 48.922499,
        "right": 16.875,
        "bottom": 47.989922,
        "countries": [
            "slovakia",
            "czech_republic",
            "austria"
        ]
    },
    {
        "x": 140,
        "y": 88,
        "left": 16.875,
        "top": 48.922499,
        "right": 18.28125,
        "bottom": 47.989922,
        "countries": [
            "slovakia",
            "hungary",
            "czech_republic",
            "austria"
        ]
    },
    {
        "x": 134,
        "y": 89,
        "left": 8.4375,
        "top": 47.989922,
        "right": 9.84375,
        "bottom": 47.040182,
        "countries": [
            "liechtenstein",
            "germany",
            "austria",
            "switzerland"
        ]
    },
    {
        "x": 135,
        "y": 89,
        "left": 9.84375,
        "top": 47.989922,
        "right": 11.25,
        "bottom": 47.040182,
        "countries": [
            "germany",
            "austria"
        ]
    },
    {
        "x": 136,
        "y": 89,
        "left": 11.25,
        "top": 47.989922,
        "right": 12.65625,
        "bottom": 47.040182,
        "countries": [
            "italy",
            "germany",
            "austria"
        ]
    },
    {
        "x": 137,
        "y": 89,
        "left": 12.65625,
        "top": 47.989922,
        "right": 14.0625,
        "bottom": 47.040182,
        "countries": [
            "germany",
            "austria"
        ]
    },
    {
        "x": 138,
        "y": 89,
        "left": 14.0625,
        "top": 47.989922,
        "right": 15.46875,
        "bottom": 47.040182,
        "countries": [
            "austria"
        ]
    },
    {
        "x": 139,
        "y": 89,
        "left": 15.46875,
        "top": 47.989922,
        "right": 16.875,
        "bottom": 47.040182,
        "countries": [
            "hungary",
            "austria"
        ]
    },
    {
        "x": 140,
        "y": 89,
        "left": 16.875,
        "top": 47.989922,
        "right": 18.28125,
        "bottom": 47.040182,
        "countries": [
            "slovakia",
            "hungary",
            "austria"
        ]
    },
    {
        "x": 134,
        "y": 90,
        "left": 8.4375,
        "top": 47.040182,
        "right": 9.84375,
        "bottom": 46.073231,
        "countries": [
            "italy",
            "switzerland",
            "austria"
        ]
    },
    {
        "x": 135,
        "y": 90,
        "left": 9.84375,
        "top": 47.040182,
        "right": 11.25,
        "bottom": 46.073231,
        "countries": [
            "italy",
            "switzerland",
            "austria"
        ]
    },
    {
        "x": 136,
        "y": 90,
        "left": 11.25,
        "top": 47.040182,
        "right": 12.65625,
        "bottom": 46.073231,
        "countries": [
            "italy",
            "austria"
        ]
    },
    {
        "x": 137,
        "y": 90,
        "left": 12.65625,
        "top": 47.040182,
        "right": 14.0625,
        "bottom": 46.073231,
        "countries": [
            "italy",
            "slovenia",
            "austria"
        ]
    },
    {
        "x": 138,
        "y": 90,
        "left": 14.0625,
        "top": 47.040182,
        "right": 15.46875,
        "bottom": 46.073231,
        "countries": [
            "slovenia",
            "austria"
        ]
    },
    {
        "x": 139,
        "y": 90,
        "left": 15.46875,
        "top": 47.040182,
        "right": 16.875,
        "bottom": 46.073231,
        "countries": [
            "hungary",
            "croatia",
            "slovenia",
            "austria"
        ]
    }
]