[
    {
        "x": 146,
        "y": 80,
        "left": 25.3125,
        "top": 55.776573,
        "right": 26.71875,
        "bottom": 54.977614,
        "countries": [
            "belarus",
            "latvia",
            "lithuania"
        ]
    },
    {
        "x": 147,
        "y": 80,
        "left": 26.71875,
        "top": 55.776573,
        "right": 28.125,
        "bottom": 54.977614,
        "countries": [
            "belarus",
            "latvia",
            "lithuania"
        ]
    },
    {
        "x": 145,
        "y": 81,
        "left": 23.90625,
        "top": 54.977614,
        "right": 25.3125,
        "bottom": 54.162434,
        "countries": [
            "belarus",
            "lithuania"
        ]
    },
    {
        "x": 146,
        "y": 81,
        "left": 25.3125,
        "top": 54.977614,
        "right": 26.71875,
        "bottom": 54.162434,
        "countries": [
            "belarus",
            "lithuania"
        ]
    },
    {
        "x": 144,
        "y": 82,
        "left": 22.5,
        "top": 54.162434,
        "right": 23.90625,
        "bottom": 53.330873,
        "countries": [
            "belarus",
            "poland",
            "lithuania"
        ]
    },
    {
        "x": 145,
        "y": 82,
        "left": 23.90625,
        "top": 54.162434,
        "right": 25.3125,
        "bottom": 53.330873,
        "countries": [
            "belarus",
            "lithuania"
        ]
    },
    {
        "x": 146,
        "y": 82,
        "left": 25.3125,
        "top": 54.162434,
        "right": 26.71875,
        "bottom": 53.330873,
        "countries": [
            "belarus",
            "lithuania"
        ]
    },
    {
        "x": 142,
        "y": 79,
        "left": 19.6875,
        "top": 56.559482,
        "right": 21.09375,
        "bottom": 55.776573,
        "countries": [
            "latvia",
            "lithuania"
        ]
    },
    {
        "x": 143,
        "y": 79,
        "left": 21.09375,
        "top": 56.559482,
        "right": 22.5,
        "bottom": 55.776573,
        "countries": [
            "latvia",
            "lithuania"
        ]
    },
    {
        "x": 144,
        "y": 79,
        "left": 22.5,
        "top": 56.559482,
        "right": 23.90625,
        "bottom": 55.776573,
        "countries": [
            "latvia",
            "lithuania"
        ]
    },
    {
        "x": 145,
        "y": 79,
        "left": 23.90625,
        "top": 56.559482,
        "right": 25.3125,
        "bottom": 55.776573,
        "countries": [
            "latvia",
            "lithuania"
        ]
    },
    {
        "x": 146,
        "y": 79,
        "left": 25.3125,
        "top": 56.559482,
        "right": 26.71875,
        "bottom": 55.776573,
        "countries": [
            "latvia",
            "lithuania"
        ]
    },
    {
        "x": 142,
        "y": 80,
        "left": 19.6875,
        "top": 55.776573,
        "right": 21.09375,
        "bottom": 54.977614,
        "countries": [
            "russia",
            "lithuania"
        ]
    },
    {
        "x": 143,
        "y": 80,
        "left": 21.09375,
        "top": 55.776573,
        "right": 22.5,
        "bottom": 54.977614,
        "countries": [
            "russia",
            "lithuania"
        ]
    },
    {
        "x": 144,
        "y": 80,
        "left": 22.5,
        "top": 55.776573,
        "right": 23.90625,
        "bottom": 54.977614,
        "countries": [
            "russia",
            "lithuania"
        ]
    },
    {
        "x": 145,
        "y": 80,
        "left": 23.90625,
        "top": 55.776573,
        "right": 25.3125,
        "bottom": 54.977614,
        "countries": [
            "lithuania"
        ]
    },
    {
        "x": 144,
        "y": 81,
        "left": 22.5,
        "top": 54.977614,
        "right": 23.90625,
        "bottom": 54.162434,
        "countries": [
            "russia",
            "poland",
            "lithuania"
        ]
    }
]