[
    {
        "x": 142,
        "y": 94,
        "left": 19.6875,
        "top": 43.068888,
        "right": 21.09375,
        "bottom": 42.032974,
        "countries": [
            "montenegro",
            "serbia",
            "macedonia",
            "albania"
        ]
    },
    {
        "x": 142,
        "y": 95,
        "left": 19.6875,
        "top": 42.032974,
        "right": 21.09375,
        "bottom": 40.979898,
        "countries": [
            "serbia",
            "macedonia",
            "albania"
        ]
    },
    {
        "x": 142,
        "y": 96,
        "left": 19.6875,
        "top": 40.979898,
        "right": 21.09375,
        "bottom": 39.909736,
        "countries": [
            "macedonia",
            "albania",
            "greece"
        ]
    },
    {
        "x": 143,
        "y": 94,
        "left": 21.09375,
        "top": 43.068888,
        "right": 22.5,
        "bottom": 42.032974,
        "countries": [
            "bulgaria",
            "serbia",
            "macedonia"
        ]
    },
    {
        "x": 144,
        "y": 94,
        "left": 22.5,
        "top": 43.068888,
        "right": 23.90625,
        "bottom": 42.032974,
        "countries": [
            "bulgaria",
            "serbia",
            "macedonia"
        ]
    },
    {
        "x": 144,
        "y": 95,
        "left": 22.5,
        "top": 42.032974,
        "right": 23.90625,
        "bottom": 40.979898,
        "countries": [
            "bulgaria",
            "macedonia",
            "greece"
        ]
    },
    {
        "x": 143,
        "y": 95,
        "left": 21.09375,
        "top": 42.032974,
        "right": 22.5,
        "bottom": 40.979898,
        "countries": [
            "macedonia",
            "greece"
        ]
    },
    {
        "x": 143,
        "y": 96,
        "left": 21.09375,
        "top": 40.979898,
        "right": 22.5,
        "bottom": 39.909736,
        "countries": [
            "macedonia",
            "greece"
        ]
    }
]