[
    {
        "x": 146,
        "y": 57,
        "left": 25.3125,
        "top": 70.140364,
        "right": 26.71875,
        "bottom": 69.657086,
        "countries": [
            "norway",
            "finland"
        ]
    },
    {
        "x": 147,
        "y": 57,
        "left": 26.71875,
        "top": 70.140364,
        "right": 28.125,
        "bottom": 69.657086,
        "countries": [
            "norway",
            "finland"
        ]
    },
    {
        "x": 148,
        "y": 57,
        "left": 28.125,
        "top": 70.140364,
        "right": 29.53125,
        "bottom": 69.657086,
        "countries": [
            "norway",
            "finland"
        ]
    },
    {
        "x": 142,
        "y": 58,
        "left": 19.6875,
        "top": 69.657086,
        "right": 21.09375,
        "bottom": 69.162558,
        "countries": [
            "norway",
            "finland"
        ]
    },
    {
        "x": 143,
        "y": 58,
        "left": 21.09375,
        "top": 69.657086,
        "right": 22.5,
        "bottom": 69.162558,
        "countries": [
            "norway",
            "finland"
        ]
    },
    {
        "x": 146,
        "y": 58,
        "left": 25.3125,
        "top": 69.657086,
        "right": 26.71875,
        "bottom": 69.162558,
        "countries": [
            "norway",
            "finland"
        ]
    },
    {
        "x": 148,
        "y": 58,
        "left": 28.125,
        "top": 69.657086,
        "right": 29.53125,
        "bottom": 69.162558,
        "countries": [
            "russia",
            "norway",
            "finland"
        ]
    },
    {
        "x": 142,
        "y": 59,
        "left": 19.6875,
        "top": 69.162558,
        "right": 21.09375,
        "bottom": 68.656555,
        "countries": [
            "norway",
            "sweden",
            "finland"
        ]
    },
    {
        "x": 143,
        "y": 59,
        "left": 21.09375,
        "top": 69.162558,
        "right": 22.5,
        "bottom": 68.656555,
        "countries": [
            "norway",
            "sweden",
            "finland"
        ]
    },
    {
        "x": 144,
        "y": 59,
        "left": 22.5,
        "top": 69.162558,
        "right": 23.90625,
        "bottom": 68.656555,
        "countries": [
            "norway",
            "finland"
        ]
    },
    {
        "x": 145,
        "y": 59,
        "left": 23.90625,
        "top": 69.162558,
        "right": 25.3125,
        "bottom": 68.656555,
        "countries": [
            "norway",
            "finland"
        ]
    },
    {
        "x": 146,
        "y": 59,
        "left": 25.3125,
        "top": 69.162558,
        "right": 26.71875,
        "bottom": 68.656555,
        "countries": [
            "norway",
            "finland"
        ]
    },
    {
        "x": 148,
        "y": 59,
        "left": 28.125,
        "top": 69.162558,
        "right": 29.53125,
        "bottom": 68.656555,
        "countries": [
            "russia",
            "norway",
            "finland"
        ]
    },
    {
        "x": 144,
        "y": 60,
        "left": 22.5,
        "top": 68.656555,
        "right": 23.90625,
        "bottom": 68.138852,
        "countries": [
            "norway",
            "sweden",
            "finland"
        ]
    },
    {
        "x": 145,
        "y": 60,
        "left": 23.90625,
        "top": 68.656555,
        "right": 25.3125,
        "bottom": 68.138852,
        "countries": [
            "norway",
            "finland"
        ]
    },
    {
        "x": 141,
        "y": 29,
        "left": 18.28125,
        "top": 79.935918,
        "right": 19.6875,
        "bottom": 79.687184,
        "countries": [
            "svalbard_and_jan_mayen",
            "norway"
        ]
    },
    {
        "x": 142,
        "y": 29,
        "left": 19.6875,
        "top": 79.935918,
        "right": 21.09375,
        "bottom": 79.687184,
        "countries": [
            "svalbard_and_jan_mayen",
            "norway"
        ]
    },
    {
        "x": 141,
        "y": 30,
        "left": 18.28125,
        "top": 79.687184,
        "right": 19.6875,
        "bottom": 79.432371,
        "countries": [
            "svalbard_and_jan_mayen",
            "norway"
        ]
    },
    {
        "x": 142,
        "y": 30,
        "left": 19.6875,
        "top": 79.687184,
        "right": 21.09375,
        "bottom": 79.432371,
        "countries": [
            "svalbard_and_jan_mayen",
            "norway"
        ]
    },
    {
        "x": 143,
        "y": 31,
        "left": 21.09375,
        "top": 79.432371,
        "right": 22.5,
        "bottom": 79.171335,
        "countries": [
            "svalbard_and_jan_mayen",
            "norway"
        ]
    },
    {
        "x": 143,
        "y": 32,
        "left": 21.09375,
        "top": 79.171335,
        "right": 22.5,
        "bottom": 78.903929,
        "countries": [
            "svalbard_and_jan_mayen",
            "norway"
        ]
    },
    {
        "x": 148,
        "y": 33,
        "left": 28.125,
        "top": 78.903929,
        "right": 29.53125,
        "bottom": 78.630006,
        "countries": [
            "svalbard_and_jan_mayen",
            "norway"
        ]
    },
    {
        "x": 142,
        "y": 35,
        "left": 19.6875,
        "top": 78.349411,
        "right": 21.09375,
        "bottom": 78.061989,
        "countries": [
            "svalbard_and_jan_mayen",
            "norway"
        ]
    },
    {
        "x": 143,
        "y": 35,
        "left": 21.09375,
        "top": 78.349411,
        "right": 22.5,
        "bottom": 78.061989,
        "countries": [
            "svalbard_and_jan_mayen",
            "norway"
        ]
    },
    {
        "x": 145,
        "y": 36,
        "left": 23.90625,
        "top": 78.061989,
        "right": 25.3125,
        "bottom": 77.767582,
        "countries": [
            "svalbard_and_jan_mayen",
            "norway"
        ]
    },
    {
        "x": 145,
        "y": 37,
        "left": 23.90625,
        "top": 77.767582,
        "right": 25.3125,
        "bottom": 77.466028,
        "countries": [
            "svalbard_and_jan_mayen",
            "norway"
        ]
    },
    {
        "x": 143,
        "y": 38,
        "left": 21.09375,
        "top": 77.466028,
        "right": 22.5,
        "bottom": 77.157163,
        "countries": [
            "svalbard_and_jan_mayen",
            "norway"
        ]
    },
    {
        "x": 144,
        "y": 38,
        "left": 22.5,
        "top": 77.466028,
        "right": 23.90625,
        "bottom": 77.157163,
        "countries": [
            "svalbard_and_jan_mayen",
            "norway"
        ]
    },
    {
        "x": 143,
        "y": 39,
        "left": 21.09375,
        "top": 77.157163,
        "right": 22.5,
        "bottom": 76.840816,
        "countries": [
            "svalbard_and_jan_mayen",
            "norway"
        ]
    },
    {
        "x": 145,
        "y": 54,
        "left": 23.90625,
        "top": 71.524909,
        "right": 25.3125,
        "bottom": 71.074056,
        "countries": [
            "norway"
        ]
    },
    {
        "x": 146,
        "y": 54,
        "left": 25.3125,
        "top": 71.524909,
        "right": 26.71875,
        "bottom": 71.074056,
        "countries": [
            "norway"
        ]
    },
    {
        "x": 147,
        "y": 54,
        "left": 26.71875,
        "top": 71.524909,
        "right": 28.125,
        "bottom": 71.074056,
        "countries": [
            "norway"
        ]
    },
    {
        "x": 148,
        "y": 54,
        "left": 28.125,
        "top": 71.524909,
        "right": 29.53125,
        "bottom": 71.074056,
        "countries": [
            "norway"
        ]
    },
    {
        "x": 143,
        "y": 55,
        "left": 21.09375,
        "top": 71.074056,
        "right": 22.5,
        "bottom": 70.612614,
        "countries": [
            "norway"
        ]
    },
    {
        "x": 144,
        "y": 55,
        "left": 22.5,
        "top": 71.074056,
        "right": 23.90625,
        "bottom": 70.612614,
        "countries": [
            "norway"
        ]
    },
    {
        "x": 145,
        "y": 55,
        "left": 23.90625,
        "top": 71.074056,
        "right": 25.3125,
        "bottom": 70.612614,
        "countries": [
            "norway"
        ]
    },
    {
        "x": 146,
        "y": 55,
        "left": 25.3125,
        "top": 71.074056,
        "right": 26.71875,
        "bottom": 70.612614,
        "countries": [
            "norway"
        ]
    },
    {
        "x": 147,
        "y": 55,
        "left": 26.71875,
        "top": 71.074056,
        "right": 28.125,
        "bottom": 70.612614,
        "countries": [
            "norway"
        ]
    },
    {
        "x": 148,
        "y": 55,
        "left": 28.125,
        "top": 71.074056,
        "right": 29.53125,
        "bottom": 70.612614,
        "countries": [
            "norway"
        ]
    },
    {
        "x": 149,
        "y": 55,
        "left": 29.53125,
        "top": 71.074056,
        "right": 30.9375,
        "bottom": 70.612614,
        "countries": [
            "norway"
        ]
    },
    {
        "x": 141,
        "y": 56,
        "left": 18.28125,
        "top": 70.612614,
        "right": 19.6875,
        "bottom": 70.140364,
        "countries": [
            "norway"
        ]
    },
    {
        "x": 142,
        "y": 56,
        "left": 19.6875,
        "top": 70.612614,
        "right": 21.09375,
        "bottom": 70.140364,
        "countries": [
            "norway"
        ]
    },
    {
        "x": 143,
        "y": 56,
        "left": 21.09375,
        "top": 70.612614,
        "right": 22.5,
        "bottom": 70.140364,
        "countries": [
            "norway"
        ]
    },
    {
        "x": 144,
        "y": 56,
        "left": 22.5,
        "top": 70.612614,
        "right": 23.90625,
        "bottom": 70.140364,
        "countries": [
            "norway"
        ]
    },
    {
        "x": 145,
        "y": 56,
        "left": 23.90625,
        "top": 70.612614,
        "right": 25.3125,
        "bottom": 70.140364,
        "countries": [
            "norway"
        ]
    },
    {
        "x": 146,
        "y": 56,
        "left": 25.3125,
        "top": 70.612614,
        "right": 26.71875,
        "bottom": 70.140364,
        "countries": [
            "norway"
        ]
    },
    {
        "x": 147,
        "y": 56,
        "left": 26.71875,
        "top": 70.612614,
        "right": 28.125,
        "bottom": 70.140364,
        "countries": [
            "norway"
        ]
    },
    {
        "x": 148,
        "y": 56,
        "left": 28.125,
        "top": 70.612614,
        "right": 29.53125,
        "bottom": 70.140364,
        "countries": [
            "norway"
        ]
    },
    {
        "x": 149,
        "y": 56,
        "left": 29.53125,
        "top": 70.612614,
        "right": 30.9375,
        "bottom": 70.140364,
        "countries": [
            "norway"
        ]
    },
    {
        "x": 150,
        "y": 56,
        "left": 30.9375,
        "top": 70.612614,
        "right": 32.34375,
        "bottom": 70.140364,
        "countries": [
            "norway"
        ]
    },
    {
        "x": 140,
        "y": 57,
        "left": 16.875,
        "top": 70.140364,
        "right": 18.28125,
        "bottom": 69.657086,
        "countries": [
            "norway"
        ]
    },
    {
        "x": 141,
        "y": 57,
        "left": 18.28125,
        "top": 70.140364,
        "right": 19.6875,
        "bottom": 69.657086,
        "countries": [
            "norway"
        ]
    },
    {
        "x": 142,
        "y": 57,
        "left": 19.6875,
        "top": 70.140364,
        "right": 21.09375,
        "bottom": 69.657086,
        "countries": [
            "norway"
        ]
    },
    {
        "x": 143,
        "y": 57,
        "left": 21.09375,
        "top": 70.140364,
        "right": 22.5,
        "bottom": 69.657086,
        "countries": [
            "norway"
        ]
    },
    {
        "x": 144,
        "y": 57,
        "left": 22.5,
        "top": 70.140364,
        "right": 23.90625,
        "bottom": 69.657086,
        "countries": [
            "norway"
        ]
    },
    {
        "x": 145,
        "y": 57,
        "left": 23.90625,
        "top": 70.140364,
        "right": 25.3125,
        "bottom": 69.657086,
        "countries": [
            "norway"
        ]
    },
    {
        "x": 149,
        "y": 57,
        "left": 29.53125,
        "top": 70.140364,
        "right": 30.9375,
        "bottom": 69.657086,
        "countries": [
            "russia",
            "norway"
        ]
    },
    {
        "x": 139,
        "y": 58,
        "left": 15.46875,
        "top": 69.657086,
        "right": 16.875,
        "bottom": 69.162558,
        "countries": [
            "norway"
        ]
    },
    {
        "x": 140,
        "y": 58,
        "left": 16.875,
        "top": 69.657086,
        "right": 18.28125,
        "bottom": 69.162558,
        "countries": [
            "norway"
        ]
    },
    {
        "x": 141,
        "y": 58,
        "left": 18.28125,
        "top": 69.657086,
        "right": 19.6875,
        "bottom": 69.162558,
        "countries": [
            "norway"
        ]
    },
    {
        "x": 144,
        "y": 58,
        "left": 22.5,
        "top": 69.657086,
        "right": 23.90625,
        "bottom": 69.162558,
        "countries": [
            "norway"
        ]
    },
    {
        "x": 145,
        "y": 58,
        "left": 23.90625,
        "top": 69.657086,
        "right": 25.3125,
        "bottom": 69.162558,
        "countries": [
            "norway"
        ]
    },
    {
        "x": 149,
        "y": 58,
        "left": 29.53125,
        "top": 69.657086,
        "right": 30.9375,
        "bottom": 69.162558,
        "countries": [
            "russia",
            "norway"
        ]
    },
    {
        "x": 150,
        "y": 58,
        "left": 30.9375,
        "top": 69.657086,
        "right": 32.34375,
        "bottom": 69.162558,
        "countries": [
            "russia",
            "norway"
        ]
    },
    {
        "x": 138,
        "y": 59,
        "left": 14.0625,
        "top": 69.162558,
        "right": 15.46875,
        "bottom": 68.656555,
        "countries": [
            "norway"
        ]
    },
    {
        "x": 139,
        "y": 59,
        "left": 15.46875,
        "top": 69.162558,
        "right": 16.875,
        "bottom": 68.656555,
        "countries": [
            "norway"
        ]
    },
    {
        "x": 140,
        "y": 59,
        "left": 16.875,
        "top": 69.162558,
        "right": 18.28125,
        "bottom": 68.656555,
        "countries": [
            "norway"
        ]
    },
    {
        "x": 141,
        "y": 59,
        "left": 18.28125,
        "top": 69.162558,
        "right": 19.6875,
        "bottom": 68.656555,
        "countries": [
            "norway"
        ]
    },
    {
        "x": 137,
        "y": 60,
        "left": 12.65625,
        "top": 68.656555,
        "right": 14.0625,
        "bottom": 68.138852,
        "countries": [
            "norway"
        ]
    },
    {
        "x": 138,
        "y": 60,
        "left": 14.0625,
        "top": 68.656555,
        "right": 15.46875,
        "bottom": 68.138852,
        "countries": [
            "norway"
        ]
    },
    {
        "x": 139,
        "y": 60,
        "left": 15.46875,
        "top": 68.656555,
        "right": 16.875,
        "bottom": 68.138852,
        "countries": [
            "norway"
        ]
    },
    {
        "x": 140,
        "y": 60,
        "left": 16.875,
        "top": 68.656555,
        "right": 18.28125,
        "bottom": 68.138852,
        "countries": [
            "norway",
            "sweden"
        ]
    },
    {
        "x": 141,
        "y": 60,
        "left": 18.28125,
        "top": 68.656555,
        "right": 19.6875,
        "bottom": 68.138852,
        "countries": [
            "norway",
            "sweden"
        ]
    },
    {
        "x": 142,
        "y": 60,
        "left": 19.6875,
        "top": 68.656555,
        "right": 21.09375,
        "bottom": 68.138852,
        "countries": [
            "norway",
            "sweden"
        ]
    },
    {
        "x": 136,
        "y": 61,
        "left": 11.25,
        "top": 68.138852,
        "right": 12.65625,
        "bottom": 67.609221,
        "countries": [
            "norway"
        ]
    },
    {
        "x": 137,
        "y": 61,
        "left": 12.65625,
        "top": 68.138852,
        "right": 14.0625,
        "bottom": 67.609221,
        "countries": [
            "norway"
        ]
    },
    {
        "x": 138,
        "y": 61,
        "left": 14.0625,
        "top": 68.138852,
        "right": 15.46875,
        "bottom": 67.609221,
        "countries": [
            "norway"
        ]
    },
    {
        "x": 139,
        "y": 61,
        "left": 15.46875,
        "top": 68.138852,
        "right": 16.875,
        "bottom": 67.609221,
        "countries": [
            "norway",
            "sweden"
        ]
    },
    {
        "x": 140,
        "y": 61,
        "left": 16.875,
        "top": 68.138852,
        "right": 18.28125,
        "bottom": 67.609221,
        "countries": [
            "norway",
            "sweden"
        ]
    },
    {
        "x": 136,
        "y": 62,
        "left": 11.25,
        "top": 67.609221,
        "right": 12.65625,
        "bottom": 67.067433,
        "countries": [
            "norway"
        ]
    },
    {
        "x": 137,
        "y": 62,
        "left": 12.65625,
        "top": 67.609221,
        "right": 14.0625,
        "bottom": 67.067433,
        "countries": [
            "norway"
        ]
    },
    {
        "x": 138,
        "y": 62,
        "left": 14.0625,
        "top": 67.609221,
        "right": 15.46875,
        "bottom": 67.067433,
        "countries": [
            "norway"
        ]
    },
    {
        "x": 139,
        "y": 62,
        "left": 15.46875,
        "top": 67.609221,
        "right": 16.875,
        "bottom": 67.067433,
        "countries": [
            "norway",
            "sweden"
        ]
    },
    {
        "x": 136,
        "y": 63,
        "left": 11.25,
        "top": 67.067433,
        "right": 12.65625,
        "bottom": 66.51326,
        "countries": [
            "norway"
        ]
    },
    {
        "x": 137,
        "y": 63,
        "left": 12.65625,
        "top": 67.067433,
        "right": 14.0625,
        "bottom": 66.51326,
        "countries": [
            "norway"
        ]
    },
    {
        "x": 138,
        "y": 63,
        "left": 14.0625,
        "top": 67.067433,
        "right": 15.46875,
        "bottom": 66.51326,
        "countries": [
            "norway",
            "sweden"
        ]
    },
    {
        "x": 139,
        "y": 63,
        "left": 15.46875,
        "top": 67.067433,
        "right": 16.875,
        "bottom": 66.51326,
        "countries": [
            "norway",
            "sweden"
        ]
    },
    {
        "x": 136,
        "y": 64,
        "left": 11.25,
        "top": 66.51326,
        "right": 12.65625,
        "bottom": 65.946472,
        "countries": [
            "norway"
        ]
    },
    {
        "x": 137,
        "y": 64,
        "left": 12.65625,
        "top": 66.51326,
        "right": 14.0625,
        "bottom": 65.946472,
        "countries": [
            "norway"
        ]
    },
    {
        "x": 138,
        "y": 64,
        "left": 14.0625,
        "top": 66.51326,
        "right": 15.46875,
        "bottom": 65.946472,
        "countries": [
            "norway",
            "sweden"
        ]
    },
    {
        "x": 139,
        "y": 64,
        "left": 15.46875,
        "top": 66.51326,
        "right": 16.875,
        "bottom": 65.946472,
        "countries": [
            "norway",
            "sweden"
        ]
    },
    {
        "x": 136,
        "y": 65,
        "left": 11.25,
        "top": 65.946472,
        "right": 12.65625,
        "bottom": 65.366837,
        "countries": [
            "norway"
        ]
    },
    {
        "x": 137,
        "y": 65,
        "left": 12.65625,
        "top": 65.946472,
        "right": 14.0625,
        "bottom": 65.366837,
        "countries": [
            "norway"
        ]
    },
    {
        "x": 138,
        "y": 65,
        "left": 14.0625,
        "top": 65.946472,
        "right": 15.46875,
        "bottom": 65.366837,
        "countries": [
            "norway",
            "sweden"
        ]
    },
    {
        "x": 135,
        "y": 66,
        "left": 9.84375,
        "top": 65.366837,
        "right": 11.25,
        "bottom": 64.774125,
        "countries": [
            "norway"
        ]
    },
    {
        "x": 136,
        "y": 66,
        "left": 11.25,
        "top": 65.366837,
        "right": 12.65625,
        "bottom": 64.774125,
        "countries": [
            "norway"
        ]
    },
    {
        "x": 137,
        "y": 66,
        "left": 12.65625,
        "top": 65.366837,
        "right": 14.0625,
        "bottom": 64.774125,
        "countries": [
            "norway",
            "sweden"
        ]
    },
    {
        "x": 138,
        "y": 66,
        "left": 14.0625,
        "top": 65.366837,
        "right": 15.46875,
        "bottom": 64.774125,
        "countries": [
            "norway",
            "sweden"
        ]
    },
    {
        "x": 135,
        "y": 67,
        "left": 9.84375,
        "top": 64.774125,
        "right": 11.25,
        "bottom": 64.168107,
        "countries": [
            "norway"
        ]
    },
    {
        "x": 136,
        "y": 67,
        "left": 11.25,
        "top": 64.774125,
        "right": 12.65625,
        "bottom": 64.168107,
        "countries": [
            "norway"
        ]
    },
    {
        "x": 137,
        "y": 67,
        "left": 12.65625,
        "top": 64.774125,
        "right": 14.0625,
        "bottom": 64.168107,
        "countries": [
            "norway",
            "sweden"
        ]
    },
    {
        "x": 138,
        "y": 67,
        "left": 14.0625,
        "top": 64.774125,
        "right": 15.46875,
        "bottom": 64.168107,
        "countries": [
            "norway",
            "sweden"
        ]
    },
    {
        "x": 133,
        "y": 68,
        "left": 7.03125,
        "top": 64.168107,
        "right": 8.4375,
        "bottom": 63.548552,
        "countries": [
            "norway"
        ]
    },
    {
        "x": 134,
        "y": 68,
        "left": 8.4375,
        "top": 64.168107,
        "right": 9.84375,
        "bottom": 63.548552,
        "countries": [
            "norway"
        ]
    },
    {
        "x": 135,
        "y": 68,
        "left": 9.84375,
        "top": 64.168107,
        "right": 11.25,
        "bottom": 63.548552,
        "countries": [
            "norway"
        ]
    },
    {
        "x": 136,
        "y": 68,
        "left": 11.25,
        "top": 64.168107,
        "right": 12.65625,
        "bottom": 63.548552,
        "countries": [
            "norway",
            "sweden"
        ]
    },
    {
        "x": 137,
        "y": 68,
        "left": 12.65625,
        "top": 64.168107,
        "right": 14.0625,
        "bottom": 63.548552,
        "countries": [
            "norway",
            "sweden"
        ]
    },
    {
        "x": 138,
        "y": 68,
        "left": 14.0625,
        "top": 64.168107,
        "right": 15.46875,
        "bottom": 63.548552,
        "countries": [
            "norway",
            "sweden"
        ]
    },
    {
        "x": 132,
        "y": 69,
        "left": 5.625,
        "top": 63.548552,
        "right": 7.03125,
        "bottom": 62.915233,
        "countries": [
            "norway"
        ]
    },
    {
        "x": 133,
        "y": 69,
        "left": 7.03125,
        "top": 63.548552,
        "right": 8.4375,
        "bottom": 62.915233,
        "countries": [
            "norway"
        ]
    },
    {
        "x": 134,
        "y": 69,
        "left": 8.4375,
        "top": 63.548552,
        "right": 9.84375,
        "bottom": 62.915233,
        "countries": [
            "norway"
        ]
    },
    {
        "x": 135,
        "y": 69,
        "left": 9.84375,
        "top": 63.548552,
        "right": 11.25,
        "bottom": 62.915233,
        "countries": [
            "norway"
        ]
    },
    {
        "x": 136,
        "y": 69,
        "left": 11.25,
        "top": 63.548552,
        "right": 12.65625,
        "bottom": 62.915233,
        "countries": [
            "norway",
            "sweden"
        ]
    },
    {
        "x": 131,
        "y": 70,
        "left": 4.21875,
        "top": 62.915233,
        "right": 5.625,
        "bottom": 62.267923,
        "countries": [
            "norway"
        ]
    },
    {
        "x": 132,
        "y": 70,
        "left": 5.625,
        "top": 62.915233,
        "right": 7.03125,
        "bottom": 62.267923,
        "countries": [
            "norway"
        ]
    },
    {
        "x": 133,
        "y": 70,
        "left": 7.03125,
        "top": 62.915233,
        "right": 8.4375,
        "bottom": 62.267923,
        "countries": [
            "norway"
        ]
    },
    {
        "x": 134,
        "y": 70,
        "left": 8.4375,
        "top": 62.915233,
        "right": 9.84375,
        "bottom": 62.267923,
        "countries": [
            "norway"
        ]
    },
    {
        "x": 135,
        "y": 70,
        "left": 9.84375,
        "top": 62.915233,
        "right": 11.25,
        "bottom": 62.267923,
        "countries": [
            "norway"
        ]
    },
    {
        "x": 136,
        "y": 70,
        "left": 11.25,
        "top": 62.915233,
        "right": 12.65625,
        "bottom": 62.267923,
        "countries": [
            "norway",
            "sweden"
        ]
    },
    {
        "x": 131,
        "y": 71,
        "left": 4.21875,
        "top": 62.267923,
        "right": 5.625,
        "bottom": 61.606396,
        "countries": [
            "norway"
        ]
    },
    {
        "x": 132,
        "y": 71,
        "left": 5.625,
        "top": 62.267923,
        "right": 7.03125,
        "bottom": 61.606396,
        "countries": [
            "norway"
        ]
    },
    {
        "x": 133,
        "y": 71,
        "left": 7.03125,
        "top": 62.267923,
        "right": 8.4375,
        "bottom": 61.606396,
        "countries": [
            "norway"
        ]
    },
    {
        "x": 134,
        "y": 71,
        "left": 8.4375,
        "top": 62.267923,
        "right": 9.84375,
        "bottom": 61.606396,
        "countries": [
            "norway"
        ]
    },
    {
        "x": 135,
        "y": 71,
        "left": 9.84375,
        "top": 62.267923,
        "right": 11.25,
        "bottom": 61.606396,
        "countries": [
            "norway"
        ]
    },
    {
        "x": 136,
        "y": 71,
        "left": 11.25,
        "top": 62.267923,
        "right": 12.65625,
        "bottom": 61.606396,
        "countries": [
            "norway",
            "sweden"
        ]
    },
    {
        "x": 131,
        "y": 72,
        "left": 4.21875,
        "top": 61.606396,
        "right": 5.625,
        "bottom": 60.930432,
        "countries": [
            "norway"
        ]
    },
    {
        "x": 132,
        "y": 72,
        "left": 5.625,
        "top": 61.606396,
        "right": 7.03125,
        "bottom": 60.930432,
        "countries": [
            "norway"
        ]
    },
    {
        "x": 133,
        "y": 72,
        "left": 7.03125,
        "top": 61.606396,
        "right": 8.4375,
        "bottom": 60.930432,
        "countries": [
            "norway"
        ]
    },
    {
        "x": 134,
        "y": 72,
        "left": 8.4375,
        "top": 61.606396,
        "right": 9.84375,
        "bottom": 60.930432,
        "countries": [
            "norway"
        ]
    },
    {
        "x": 135,
        "y": 72,
        "left": 9.84375,
        "top": 61.606396,
        "right": 11.25,
        "bottom": 60.930432,
        "countries": [
            "norway"
        ]
    },
    {
        "x": 136,
        "y": 72,
        "left": 11.25,
        "top": 61.606396,
        "right": 12.65625,
        "bottom": 60.930432,
        "countries": [
            "norway",
            "sweden"
        ]
    },
    {
        "x": 137,
        "y": 72,
        "left": 12.65625,
        "top": 61.606396,
        "right": 14.0625,
        "bottom": 60.930432,
        "countries": [
            "norway",
            "sweden"
        ]
    },
    {
        "x": 131,
        "y": 73,
        "left": 4.21875,
        "top": 60.930432,
        "right": 5.625,
        "bottom": 60.239811,
        "countries": [
            "norway"
        ]
    },
    {
        "x": 132,
        "y": 73,
        "left": 5.625,
        "top": 60.930432,
        "right": 7.03125,
        "bottom": 60.239811,
        "countries": [
            "norway"
        ]
    },
    {
        "x": 133,
        "y": 73,
        "left": 7.03125,
        "top": 60.930432,
        "right": 8.4375,
        "bottom": 60.239811,
        "countries": [
            "norway"
        ]
    },
    {
        "x": 134,
        "y": 73,
        "left": 8.4375,
        "top": 60.930432,
        "right": 9.84375,
        "bottom": 60.239811,
        "countries": [
            "norway"
        ]
    },
    {
        "x": 135,
        "y": 73,
        "left": 9.84375,
        "top": 60.930432,
        "right": 11.25,
        "bottom": 60.239811,
        "countries": [
            "norway"
        ]
    },
    {
        "x": 136,
        "y": 73,
        "left": 11.25,
        "top": 60.930432,
        "right": 12.65625,
        "bottom": 60.239811,
        "countries": [
            "norway",
            "sweden"
        ]
    },
    {
        "x": 131,
        "y": 74,
        "left": 4.21875,
        "top": 60.239811,
        "right": 5.625,
        "bottom": 59.534318,
        "countries": [
            "norway"
        ]
    },
    {
        "x": 132,
        "y": 74,
        "left": 5.625,
        "top": 60.239811,
        "right": 7.03125,
        "bottom": 59.534318,
        "countries": [
            "norway"
        ]
    },
    {
        "x": 133,
        "y": 74,
        "left": 7.03125,
        "top": 60.239811,
        "right": 8.4375,
        "bottom": 59.534318,
        "countries": [
            "norway"
        ]
    },
    {
        "x": 134,
        "y": 74,
        "left": 8.4375,
        "top": 60.239811,
        "right": 9.84375,
        "bottom": 59.534318,
        "countries": [
            "norway"
        ]
    },
    {
        "x": 135,
        "y": 74,
        "left": 9.84375,
        "top": 60.239811,
        "right": 11.25,
        "bottom": 59.534318,
        "countries": [
            "norway"
        ]
    },
    {
        "x": 136,
        "y": 74,
        "left": 11.25,
        "top": 60.239811,
        "right": 12.65625,
        "bottom": 59.534318,
        "countries": [
            "norway",
            "sweden"
        ]
    },
    {
        "x": 131,
        "y": 75,
        "left": 4.21875,
        "top": 59.534318,
        "right": 5.625,
        "bottom": 58.813742,
        "countries": [
            "norway"
        ]
    },
    {
        "x": 132,
        "y": 75,
        "left": 5.625,
        "top": 59.534318,
        "right": 7.03125,
        "bottom": 58.813742,
        "countries": [
            "norway"
        ]
    },
    {
        "x": 133,
        "y": 75,
        "left": 7.03125,
        "top": 59.534318,
        "right": 8.4375,
        "bottom": 58.813742,
        "countries": [
            "norway"
        ]
    },
    {
        "x": 134,
        "y": 75,
        "left": 8.4375,
        "top": 59.534318,
        "right": 9.84375,
        "bottom": 58.813742,
        "countries": [
            "norway"
        ]
    },
    {
        "x": 135,
        "y": 75,
        "left": 9.84375,
        "top": 59.534318,
        "right": 11.25,
        "bottom": 58.813742,
        "countries": [
            "norway",
            "sweden"
        ]
    },
    {
        "x": 136,
        "y": 75,
        "left": 11.25,
        "top": 59.534318,
        "right": 12.65625,
        "bottom": 58.813742,
        "countries": [
            "norway",
            "sweden"
        ]
    },
    {
        "x": 131,
        "y": 76,
        "left": 4.21875,
        "top": 58.813742,
        "right": 5.625,
        "bottom": 58.077876,
        "countries": [
            "norway"
        ]
    },
    {
        "x": 132,
        "y": 76,
        "left": 5.625,
        "top": 58.813742,
        "right": 7.03125,
        "bottom": 58.077876,
        "countries": [
            "norway"
        ]
    },
    {
        "x": 133,
        "y": 76,
        "left": 7.03125,
        "top": 58.813742,
        "right": 8.4375,
        "bottom": 58.077876,
        "countries": [
            "norway"
        ]
    },
    {
        "x": 134,
        "y": 76,
        "left": 8.4375,
        "top": 58.813742,
        "right": 9.84375,
        "bottom": 58.077876,
        "countries": [
            "norway"
        ]
    },
    {
        "x": 132,
        "y": 77,
        "left": 5.625,
        "top": 58.077876,
        "right": 7.03125,
        "bottom": 57.326521,
        "countries": [
            "norway"
        ]
    },
    {
        "x": 133,
        "y": 77,
        "left": 7.03125,
        "top": 58.077876,
        "right": 8.4375,
        "bottom": 57.326521,
        "countries": [
            "norway"
        ]
    }
]