[
    {
        "x": 137,
        "y": 90,
        "left": 12.65625,
        "top": 47.040182,
        "right": 14.0625,
        "bottom": 46.073231,
        "countries": [
            "italy",
            "slovenia",
            "austria"
        ]
    },
    {
        "x": 138,
        "y": 90,
        "left": 14.0625,
        "top": 47.040182,
        "right": 15.46875,
        "bottom": 46.073231,
        "countries": [
            "slovenia",
            "austria"
        ]
    },
    {
        "x": 139,
        "y": 90,
        "left": 15.46875,
        "top": 47.040182,
        "right": 16.875,
        "bottom": 46.073231,
        "countries": [
            "hungary",
            "croatia",
            "slovenia",
            "austria"
        ]
    },
    {
        "x": 139,
        "y": 91,
        "left": 15.46875,
        "top": 46.073231,
        "right": 16.875,
        "bottom": 45.089036,
        "countries": [
            "slovenia",
            "bosnia_and_herzegovina",
            "croatia"
        ]
    },
    {
        "x": 137,
        "y": 91,
        "left": 12.65625,
        "top": 46.073231,
        "right": 14.0625,
        "bottom": 45.089036,
        "countries": [
            "slovenia",
            "croatia",
            "italy"
        ]
    },
    {
        "x": 138,
        "y": 91,
        "left": 14.0625,
        "top": 46.073231,
        "right": 15.46875,
        "bottom": 45.089036,
        "countries": [
            "slovenia",
            "croatia"
        ]
    }
]